SITE_CODE,PROJ_CODE,TITLE,SUB_TYPE,STAGE,PROJECT_TITLE,LONGITUDE,LATITUDE,COMMODITIES,COMMODITY_GROUP_NAME,TARGET_GROUP_NAME,LGA_NAME,DISTRICT_NAME,TECTONIC_UNIT
S0000012,J00009,Baneygo,Openpit,Operating,Duketon / Regis Resources,122.3125,-27.963344,Au Ag,Precious metal,GOLD,"LAVERTON, SHIRE OF",MT. MARGARET,Eastern Goldfields Superterrane
S0000030,J04143,Beatons Creek - Golden Crown,Openpit,Operating,Beatons Creek JV,120.101598,-21.870333,Au Ag As Cu Bi Sb,Precious metal,GOLD,"EAST PILBARA, SHIRE OF",NULLAGINE,Northeast Pilbara Sub-basin
S0000033,J00017,Big Bell Underground,Decline,Operating,Cue Gold - Central Murchison,117.65535700000001,-27.318659000000004,Au Ag,Precious metal,GOLD,"CUE, SHIRE OF",CUE,Youanmi Terrane
S0000045,J00017,Aladdin Open Pit,Openpit,Operating,Cue Gold - Central Murchison,118.34718799999999,-26.86947,Au Ag,Precious metal,GOLD,"MEEKATHARRA, SHIRE OF",MEEKATHARRA,Youanmi Terrane
S0000046,J00017,Bluebird - Bluebird South,Openpit,Operating,Cue Gold - Central Murchison,118.425102,-26.716248999999998,Au Ag,Precious metal,GOLD,"MEEKATHARRA, SHIRE OF",MEEKATHARRA,Youanmi Terrane
S0000049,J00017,Five Mile Well,Openpit,Operating,Cue Gold - Central Murchison,118.54088,-26.529259000000003,Au Ag,Precious metal,GOLD,"MEEKATHARRA, SHIRE OF",MEEKATHARRA,Youanmi Terrane
S0000053,J02851,Boorara Open Pit - Southern Stockworks,Openpit,Operating,Boorara / Horizon,121.644084,-30.809293,Au Ag,Precious metal,GOLD,"KALGOORLIE-BOULDER, CITY OF",EAST COOLGARDIE,Eastern Goldfields Superterrane
S0000138,J05659,Cosmopolitan Tailings,Tailings storage facility,Operating,Kookynie / Nex Metals,121.4954,-29.337562,Au,Precious metal,GOLD,"MENZIES, SHIRE OF",NIAGARA,Eastern Goldfields Superterrane
S0000181,J00102,Morrison,Openpit,Operating,Golden Mile / KCGM,121.508466,-30.789484,Au Ag,Precious metal,GOLD,"KALGOORLIE-BOULDER, CITY OF",EAST COOLGARDIE,Eastern Goldfields Superterrane
S0000198,J00109,Yarlarweelor North & South,Openpit,Operating,Fortnum,118.360354,-25.343679,Au Ag,Precious metal,GOLD,"MEEKATHARRA, SHIRE OF",PEAK HILL M.F.,Bryah Basin
S0000258,J04956,Goongarrie Lady,Openpit,Operating,Goongarrie Lady,121.184481,-30.081353999999997,Au Ag,Precious metal,GOLD,"MENZIES, SHIRE OF",MENZIES,Eastern Goldfields Superterrane
S0000263,J04873,Paris,Openpit,Operating,GBF Paris ,121.975881,-31.588763,Au Ag,Precious metal,GOLD,"COOLGARDIE, SHIRE OF",COOLGARDIE,Eastern Goldfields Superterrane
S0000275,J01884,Hawkins Find,Openpit,Operating,Hawkins Find,121.02196,-30.498387,Au Ag,Precious metal,GOLD,"COOLGARDIE, SHIRE OF",KUNANALLING,Eastern Goldfields Superterrane
S0000350,J05577,Lord Byron Southeast,Openpit,Operating,Jasper Hills ,123.043943,-29.131214,Au Ag,Precious metal,GOLD,"MENZIES, SHIRE OF",MT. MORGANS,Burtville Terrane
S0000357,J00256,Jupiter - Joanne - Doublejay,Openpit,Operating,Mt Morgans,122.21928700000001,-28.807189,Au Ag,Precious metal,GOLD,"LAVERTON, SHIRE OF",MT. MORGANS,Eastern Goldfields Superterrane
S0000379,J00181,Last Chance East,Unspecified,Operating,Kanowna - Golden Valley,121.601997,-30.594219,Au,Precious metal,GOLD,"KALGOORLIE-BOULDER, CITY OF",KANOWNA,Eastern Goldfields Superterrane
S0000389,J00184,Harrys Hill,Openpit,Operating,Aldiss - Karonie,122.55802800000001,-31.045011,Au Ag,Precious metal,GOLD,"KALGOORLIE-BOULDER, CITY OF",KURNALPI,Eastern Goldfields Superterrane
S0000462,J00218,Lloyd George - Gibraltar,Openpit,Operating,Gibraltar South / Torian,120.96745200000001,-31.04095,Au Ag,Precious metal,GOLD,"COOLGARDIE, SHIRE OF",COOLGARDIE,Eastern Goldfields Superterrane
S0000469,J00222,Star of Mangaroon,Shaft,Operating,Mangaroon Gold,115.746101,-23.867599,Au Pb Ag,Precious metal,GOLD,"UPPER GASCOYNE, SHIRE OF",GASCOYNE M.F.,Gascoyne Province
S0000541,J00256,Mt Marven,Openpit,Operating,Mt Morgans,122.175598,-28.812820000000002,Au Ag,Precious metal,GOLD,"LAVERTON, SHIRE OF",MT. MORGANS,Eastern Goldfields Superterrane
S0000566,J00292,Racetrack - Racetrack West,Openpit,Operating,Paddington - Mt Pleasant,121.22703,-30.556282,Au Ag,Precious metal,GOLD,"KALGOORLIE-BOULDER, CITY OF",BROAD ARROW M.F.,Eastern Goldfields Superterrane
S0000590,J00226,Nevoria Underground,Decline,Operating,Marvel Loch - Southern Cross,119.588401,-31.507265000000004,Au Ag,Precious metal,GOLD,"YILGARN, SHIRE OF",YILGARN M.F.,Youanmi Terrane
S0000642,J04664,Enterprise Open Pit,Openpit,Operating,Ora Banda / Norton,121.08841399999999,-30.372121999999997,Au Ag,Precious metal,GOLD,"KALGOORLIE-BOULDER, CITY OF",BROAD ARROW M.F.,Eastern Goldfields Superterrane
S0000671,J00094,Million Dollar North,Openpit,Operating,Porphyry - Northern Operations,122.285975,-29.799053999999998,Au Ag,Precious metal,GOLD,"MENZIES, SHIRE OF",YERILLA,Yilgarn Craton granites
S0000675,J00307,Queen Lapage,Openpit,Operating,Queen Lapage,121.97979699999999,-30.61618,Au Ag,Precious metal,GOLD,"KALGOORLIE-BOULDER, CITY OF",BULONG,Eastern Goldfields Superterrane
S0000698,J00084,Missouri,Openpit,Operating,Davyhurst - Lady Ida - Mulline - Riverina - Siberia Gold,120.95366499999999,-30.219186999999998,Au Ag,Precious metal,GOLD,"KALGOORLIE-BOULDER, CITY OF",BROAD ARROW M.F.,Eastern Goldfields Superterrane
S0000709,J02325,Second Fortune,Decline,Operating,Linden Gold,122.435819,-29.376506,Au Ag,Precious metal,GOLD,"MENZIES, SHIRE OF",MT. MORGANS,Eastern Goldfields Superterrane
S0000726,J00333,Spargos Reward,Openpit,Operating,Spargos Reward,121.47075,-31.236454,Au Ag,Precious metal,GOLD,"COOLGARDIE, SHIRE OF",COOLGARDIE,Eastern Goldfields Superterrane
S0000728,J00330,Jasper - Aucklands,Openpit,Operating,Gwalia - Leonora,121.24389599999999,-28.75897,Au Ag,Precious metal,GOLD,"LEONORA, SHIRE OF",MT. MALCOLM,Eastern Goldfields Superterrane
S0000732,J00338,Telfer Main Dome,Openpit,Operating,Telfer / Newcrest,122.207118,-21.719565,Au Cu Ag,Precious metal,GOLD,"EAST PILBARA, SHIRE OF",MARBLE BAR,Yeneena Basin
S0000769,J00357,Edna May Underground,Decline,Operating,Edna May - Westonia,118.700154,-31.291771,Au Ag Opalc,Precious metal,GOLD,"WESTONIA, SHIRE OF",YILGARN M.F.,South West Terrane
S0000770,J00357,Edna May - Westonia,Openpit,Operating,Edna May - Westonia,118.69853799999999,-31.290258,Au W Ag,Precious metal,GOLD,"WESTONIA, SHIRE OF",YILGARN M.F.,Yilgarn Craton granites
S0000776,J02624,Bulletin - Wiluna,Openpit,Operating,Matilda,120.246696,-26.61145,Au Ag,Precious metal,GOLD,"WILUNA, SHIRE OF",WILUNA,Eastern Goldfields Superterrane
S0000811,J00424,Anglo Saxon - Trouser Legs,Openpit,Operating,Anglo Saxon - Trouser Legs,122.73147900000001,-30.076781,Au Ag,Precious metal,GOLD,"MENZIES, SHIRE OF",YERILLA,Eastern Goldfields Superterrane
S0000847,J00226,Great Victoria - GVG,Openpit,Operating,Marvel Loch - Southern Cross,119.5737,-31.544279,Au Ag,Precious metal,GOLD,"YILGARN, SHIRE OF",YILGARN M.F.,Youanmi Terrane
S0000880,J00102,Mt Charlotte,Shaft,Operating,Golden Mile / KCGM,121.48090400000001,-30.746440999999997,Au Ag,Precious metal,GOLD,"KALGOORLIE-BOULDER, CITY OF",EAST COOLGARDIE,Eastern Goldfields Superterrane
S0000909,J00094,Porphyry Open Pit,Openpit,Operating,Porphyry - Northern Operations,122.285004,-29.780898999999998,Au Ag,Precious metal,GOLD,"MENZIES, SHIRE OF",YERILLA,Yilgarn Craton granites
S0000927,J00152,Two Boys / Karora,Decline,Operating,Higginsville,121.724998,-31.740409999999997,Au Ag,Precious metal,GOLD,"COOLGARDIE, SHIRE OF",COOLGARDIE,Eastern Goldfields Superterrane
S0000933,J04770,Bellevue Underground,Unspecified,Operating,Bellevue,120.557701,-27.638941,Au Ag,Precious metal,GOLD,"LEONORA, SHIRE OF",LAWLERS,Eastern Goldfields Superterrane
S0001007,J00026,Wandoo South,Openpit,Operating,Boddington Gold,116.357519,-32.753078,Au Cu As Bi Ag,Precious metal,GOLD,"BODDINGTON, SHIRE OF",SOUTH WEST M.F.,South West Terrane
S0001063,J00017,Mickey Doolan,Openpit,Operating,Cue Gold - Central Murchison,118.502775,-26.618099,Au Ag,Precious metal,GOLD,"MEEKATHARRA, SHIRE OF",MEEKATHARRA,Youanmi Terrane
S0001145,J00017,Comet - Pinnacles Underground,Decline,Operating,Cue Gold - Central Murchison,118.043602,-27.5401,Au Ag,Precious metal,GOLD,"CUE, SHIRE OF",DAY DAWN,Youanmi Terrane
S0001172,J00446,George Palmer Pit,Openpit,Operating,Sino - Cape Preston Iron,116.141296,-21.081341000000002,Fe Mag Fe2O3,Iron,IRON ORE,"KARRATHA, CITY OF",ASHBURTON M.F.,Hamersley Basin
S0001174,J02145,Halleys,Openpit,Operating,Ravensthorpe - First Quantum,120.374303,-33.633382,Ni Co Mg,Steel alloy metal,NICKEL,"RAVENSTHORPE, SHIRE OF",PHILLIPS RIVER M.F.,Youanmi Terrane
S0001224,J00484,"Deepdale Mesa J Pits 1-12, J Extended",Openpit,Operating,Robe River - Deepdale,116.247354,-21.751437,Fe,Iron,IRON ORE,"ASHBURTON, SHIRE OF",ASHBURTON M.F.,Hamersley Basin
S0001256,J00527,Gossan Hill Portal,Decline,Operating,Golden Grove,116.96240700000001,-28.765087,Cu Zn Pb Ag Au,Base metal,COPPER - LEAD - ZINC,"YALGOO, SHIRE OF",YALGOO M.F.,Youanmi Terrane
S0001257,J00527,Scuddles Portal - Cervantes,Decline,Operating,Golden Grove,116.945103,-28.744567,Zn Pb Cu Ag Au,Base metal,COPPER - LEAD - ZINC,"YALGOO, SHIRE OF",YALGOO M.F.,Youanmi Terrane
S0001258,J00756,Goliath North - Mt Keith Satellite,Openpit,Operating,Mt Keith / BHP Billiton,120.58921000000001,-27.44865,Ni,Steel alloy metal,NICKEL,"LEONORA, SHIRE OF",LAWLERS,Eastern Goldfields Superterrane
S0001260,J00530,Cornwall Primary Pegmatite,Openpit,Operating,Greenbushes Tantalum,116.05987900000001,-33.855804,Ta Li Sn Ta2O5 SnO2,Speciality metal,TIN - TANTALUM - LITHIUM,"BRIDGETOWN-GREENBUSHES, SHIRE OF",GREENBUSHES M.F.,South West Terrane
S0001288,J02628,Durkin North,Decline,Operating,Kambalda / Mincor,121.661201,-31.164049,Ni Cu Co,Steel alloy metal,NICKEL,"KALGOORLIE-BOULDER, CITY OF",EAST COOLGARDIE,Eastern Goldfields Superterrane
S0001300,J02900,Lanfranchi,Decline,Under Development,Lanfranchi Tramways,121.842903,-31.505460999999997,Ni Cu,Steel alloy metal,NICKEL,"COOLGARDIE, SHIRE OF",COOLGARDIE,Eastern Goldfields Superterrane
S0001346,J00573,Wheelarra 4,Openpit,Operating,Jimblebar-Wheelarra-Hashimoto / BHPB,120.1371,-23.380329,Fe,Iron,IRON ORE,"EAST PILBARA, SHIRE OF",PEAK HILL M.F.,Hamersley Basin
S0001375,J00440,Cliffs Underground,Decline,Operating,Leinster,120.541753,-27.304973999999998,Ni Cu,Steel alloy metal,NICKEL,"LEONORA, SHIRE OF",LAWLERS,Eastern Goldfields Superterrane
S0001385,J03928,Tom Price Main and Remnants,Openpit,Operating,Tom Price / Rio Tinto,117.776095,-22.769347,Fe,Iron,IRON ORE,"ASHBURTON, SHIRE OF",WEST PILBARA M.F.,Hamersley Basin
S0001388,J00609,Turner Syncline Section 10,Openpit,Operating,Turner Syncline West,117.586304,-22.66221,Fe,Iron,IRON ORE,"ASHBURTON, SHIRE OF",WEST PILBARA M.F.,Hamersley Basin
S0001399,J03932,Nammuldi Lens C,Openpit,Operating,Brockman 2 - Nammuldi - Silvergrass - Homestead / Rio Tinto,117.337502,-22.412291,Fe,Iron,IRON ORE,"ASHBURTON, SHIRE OF",WEST PILBARA M.F.,Hamersley Basin
S0001402,J00623,Mt Whaleback,Openpit,Operating,Newman / BHPB,119.6754,-23.36536,Fe,Iron,IRON ORE,"EAST PILBARA, SHIRE OF",PEAK HILL M.F.,Hamersley Basin
S0001405,J00623,Mt Newman Orebody 29,Openpit,Operating,Newman / BHPB,119.703796,-23.382259,Fe,Iron,IRON ORE,"EAST PILBARA, SHIRE OF",PEAK HILL M.F.,Hamersley Basin
S0001413,J03930,Paraburdoo 18 East,Openpit,Operating,Paraburdoo / Rio Tinto,117.631302,-23.25565,Fe,Iron,IRON ORE,"ASHBURTON, SHIRE OF",WEST PILBARA M.F.,Hamersley Basin
S0001455,J03932,Silvergrass Pit 4,Openpit,Operating,Brockman 2 - Nammuldi - Silvergrass - Homestead / Rio Tinto,117.30353899999999,-22.317757,Fe,Iron,IRON ORE,"ASHBURTON, SHIRE OF",WEST PILBARA M.F.,Hamersley Basin
S0001456,J00756,Six Mile Well - Mt Keith Satellite,Openpit,Operating,Mt Keith / BHP Billiton,120.57824,-27.422664,Ni,Steel alloy metal,NICKEL,"LEONORA, SHIRE OF",LAWLERS,Eastern Goldfields Superterrane
S0001471,J00685,Hope Downs 1 South Central,Openpit,Operating,Hope Downs Joint Venture,119.107344,-22.99867,Fe,Iron,IRON ORE,"EAST PILBARA, SHIRE OF",WEST PILBARA M.F.,Hamersley Basin
S0001534,J03930,Paraburdoo 23 East,Openpit,Operating,Paraburdoo / Rio Tinto,117.653999,-23.248839999999998,Fe,Iron,IRON ORE,"ASHBURTON, SHIRE OF",WEST PILBARA M.F.,Hamersley Basin
S0001538,J00545,Abra Underground,Decline,Under Development,Abra - Mulgul,118.58551200000001,-24.638213,Pb Cu Zn Au Ag,Base metal,COPPER - LEAD - ZINC,"MEEKATHARRA, SHIRE OF",PEAK HILL M.F.,Edmund Basin
S0001583,J00440,Rockys Reward Openpit,Openpit,Operating,Leinster,120.697197,-27.791439,Ni Cu,Steel alloy metal,NICKEL,"LEONORA, SHIRE OF",LAWLERS,Eastern Goldfields Superterrane
S0001585,J00440,Perseverance  Underground,Decline,Operating,Leinster,120.705597,-27.818119,Ni Cu Gsp,Steel alloy metal,NICKEL,"LEONORA, SHIRE OF",LAWLERS,Eastern Goldfields Superterrane
S0001587,J03931,Brockman 4 - Pit 3 Central,Openpit,Operating,Brockman 4 Area / Rio Tinto,117.21332,-22.598789,Fe,Iron,IRON ORE,"ASHBURTON, SHIRE OF",WEST PILBARA M.F.,Hamersley Basin
S0001590,J00481,Paraburdoo 84 East (Pits 1-5),Openpit,Operating,Channar,117.8228,-23.302509,Fe,Iron,IRON ORE,"ASHBURTON, SHIRE OF",WEST PILBARA M.F.,Hamersley Basin
S0001592,J00484,Deepdale Mesa A Pits 1-8,Openpit,Operating,Robe River - Deepdale,115.88649699999999,-21.672581,Fe,Iron,IRON ORE,"ASHBURTON, SHIRE OF",ASHBURTON M.F.,Ashburton Basin
S0001597,J00685,Coondiner HD4 East,Openpit,Operating,Hope Downs Joint Venture,119.574358,-23.145751999999998,Fe,Iron,IRON ORE,"EAST PILBARA, SHIRE OF",WEST PILBARA M.F.,Hamersley Basin
S0001607,J00576,MAC - Deposit C West Pit,Openpit,Operating,Mining Area C,118.962601,-22.92985,Fe,Iron,IRON ORE,"EAST PILBARA, SHIRE OF",WEST PILBARA M.F.,Hamersley Basin
S0001608,J00576,MAC - Deposit D,Openpit,Operating,Mining Area C,118.9432,-22.933431,Fe,Iron,IRON ORE,"EAST PILBARA, SHIRE OF",WEST PILBARA M.F.,Hamersley Basin
S0001609,J00576,MAC - Deposit E East Pit,Openpit,Operating,Mining Area C,118.927299,-22.932541,Fe,Iron,IRON ORE,"EAST PILBARA, SHIRE OF",WEST PILBARA M.F.,Hamersley Basin
S0001610,J00576,MAC - Deposit F,Openpit,Operating,Mining Area C,118.87574199999999,-22.941724,Fe,Iron,IRON ORE,"EAST PILBARA, SHIRE OF",WEST PILBARA M.F.,Hamersley Basin
S0001624,J00576,MAC - South Flank,Openpit,Operating,Mining Area C,118.923302,-22.998670999999998,Fe,Iron,IRON ORE,"EAST PILBARA, SHIRE OF",WEST PILBARA M.F.,Hamersley Basin
S0001632,J00623,Mt Newman Orebody 25 - Pit 3,Openpit,Operating,Newman / BHPB,119.818298,-23.32995,Fe,Iron,IRON ORE,"EAST PILBARA, SHIRE OF",PEAK HILL M.F.,Hamersley Basin
S0001634,J00623,Mt Newman Orebody 18 Main - Shovelanna Hill,Openpit,Operating,Newman / BHPB,120.04202,-23.333315,Fe,Iron,IRON ORE,"EAST PILBARA, SHIRE OF",PEAK HILL M.F.,Hamersley Basin
S0001639,J00623,Mt Newman Orebody 24 East,Openpit,Operating,Newman / BHPB,119.810799,-23.304199,Fe,Iron,IRON ORE,"EAST PILBARA, SHIRE OF",WEST PILBARA M.F.,Hamersley Basin
S0001642,J00623,Mt Newman Orebody 30,Openpit,Operating,Newman / BHPB,119.662327,-23.377239000000003,Fe,Iron,IRON ORE,"EAST PILBARA, SHIRE OF",PEAK HILL M.F.,Hamersley Basin
S0001643,J00623,Mt Newman Orebody 35,Openpit,Operating,Newman / BHPB,119.657303,-23.38965,Fe,Iron,IRON ORE,"EAST PILBARA, SHIRE OF",PEAK HILL M.F.,Hamersley Basin
S0001646,J00481,Paraburdoo 64 East,Openpit,Operating,Channar,117.774498,-23.303320000000003,Fe,Iron,IRON ORE,"ASHBURTON, SHIRE OF",WEST PILBARA M.F.,Hamersley Basin
S0001667,J00756,Mt Keith Open Pit,Openpit,Operating,Mt Keith / BHP Billiton,120.54173999999999,-27.229599,Ni,Steel alloy metal,NICKEL,"WILUNA, SHIRE OF",WILUNA,Eastern Goldfields Superterrane
S0001731,J04090,Greenbushes C3 Spodumene,Openpit,Operating,Greenbushes Lithium,116.065794,-33.85892,Li Li2O Ta Sn,Speciality metal,TIN - TANTALUM - LITHIUM,"BRIDGETOWN-GREENBUSHES, SHIRE OF",GREENBUSHES M.F.,South West Terrane
S0002166,J00720,Cassiterite,Openpit,Operating,Wodgina Mining Assets / Mineral Resources,118.67409199999999,-21.190332,Li Ta Sn Rb,Speciality metal,TIN - TANTALUM - LITHIUM,"PORT HEDLAND, TOWN OF",MARBLE BAR,Gorge Creek Basin
S0002167,J01005,Mt Cattlin - Dowling Openpit,Openpit,Operating,Mt Cattlin Spodumene,120.03398200000001,-33.562506,Li Ta Nb,Speciality metal,TIN - TANTALUM - LITHIUM,"RAVENSTHORPE, SHIRE OF",PHILLIPS RIVER M.F.,Youanmi Terrane
S0002194,J00156,Stellar,Openpit,Operating,Mt Magnet,117.78249199999999,-28.048626000000002,Au Ag,Precious metal,GOLD,"MOUNT MAGNET, SHIRE OF",MT. MAGNET,Youanmi Terrane
S0002196,J00292,Bullant - Ora Banda,Decline,Operating,Paddington - Mt Pleasant,121.0578,-30.52747,Au Ag,Precious metal,GOLD,"COOLGARDIE, SHIRE OF",KUNANALLING,Eastern Goldfields Superterrane
S0002217,J01021,Golden Ridge,Openpit,Operating,Golden Ridge,121.667345,-30.847844,Au Ag,Precious metal,GOLD,"KALGOORLIE-BOULDER, CITY OF",EAST COOLGARDIE,Eastern Goldfields Superterrane
S0002232,J00315,Rothsay Underground,Decline,Operating,Rothsay,116.877078,-29.288679,Au Ag,Precious metal,GOLD,"PERENJORI, SHIRE OF",YALGOO M.F.,Youanmi Terrane
S0002247,J00226,Aquarius,Openpit,Operating,Marvel Loch - Southern Cross,119.32200900000001,-31.271359000000004,Au Ag,Precious metal,GOLD,"YILGARN, SHIRE OF",YILGARN M.F.,Youanmi Terrane
S0002289,J00330,Harbour Lights Underground,Decline,Operating,Gwalia - Leonora,121.321999,-28.873690000000003,Au Ag,Precious metal,GOLD,"LEONORA, SHIRE OF",MT. MALCOLM,Eastern Goldfields Superterrane
S0002383,J00330,Sons of Gwalia Underground,Decline,Operating,Gwalia - Leonora,121.333474,-28.918421000000002,Au Ag,Precious metal,GOLD,"LEONORA, SHIRE OF",MT. MALCOLM,Eastern Goldfields Superterrane
S0002384,J01073,Gault,Unspecified,Operating,Tampia,118.451698,-32.16235,Au Ag,Precious metal,GOLD,"NAREMBEEN, SHIRE OF",SOUTH WEST M.F.,Yilgarn Craton granites
S0002386,J00338,Telfer Underground,Decline,Operating,Telfer / Newcrest,122.20273200000001,-21.722441,Au Ag,Precious metal,GOLD,"EAST PILBARA, SHIRE OF",MARBLE BAR,Yeneena Basin
S0002419,J01082,Zelica,Openpit,Operating,Zelica - Eucalyptus,122.17490600000001,-29.216841,Au Ag,Precious metal,GOLD,"LEONORA, SHIRE OF",MT. MORGANS,Eastern Goldfields Superterrane
S0002420,J00152,Fairplay North - Fairplay Northeast,Openpit,Operating,Higginsville,121.72816999999999,-31.746394,Au Ag,Precious metal,GOLD,"COOLGARDIE, SHIRE OF",COOLGARDIE,Eastern Goldfields Superterrane
S0002484,J00156,Vegas - Galaxy,Openpit,Operating,Mt Magnet,117.79097900000001,-28.037313,Au Ag,Precious metal,GOLD,"MOUNT MAGNET, SHIRE OF",MT. MAGNET,Youanmi Terrane
S0002485,J02624,Matilda 6,Openpit,Operating,Matilda,120.219902,-26.76825,Au Ag,Precious metal,GOLD,"WILUNA, SHIRE OF",WILUNA,Youanmi Terrane
S0002535,J04143,Edwards - Nullagine,Openpit,Operating,Beatons Creek JV,120.09812099999999,-21.868989000000003,Au Ag,Precious metal,GOLD,"EAST PILBARA, SHIRE OF",NULLAGINE,Northeast Pilbara Sub-basin
S0002541,J00292,Golden Funnel,Openpit,Operating,Paddington - Mt Pleasant,121.247079,-30.579425,Au Ag,Precious metal,GOLD,"KALGOORLIE-BOULDER, CITY OF",BROAD ARROW M.F.,Eastern Goldfields Superterrane
S0002621,J00226,Frasers Central Opencut,Openpit,Operating,Marvel Loch - Southern Cross,119.330752,-31.239486,Au Ag,Precious metal,GOLD,"YILGARN, SHIRE OF",YILGARN M.F.,Youanmi Terrane
S0002719,J02624,Matilda 4 Iceberg - Scorchers - Sixers,Openpit,Operating,Matilda,120.21534199999999,-26.750194,Au Ag,Precious metal,GOLD,"WILUNA, SHIRE OF",WILUNA,Youanmi Terrane
S0002815,J00251,Daisy - Milano,Decline,Operating,Randalls - Mt Monger,121.92136200000002,-31.013137,Au Ag,Precious metal,GOLD,"KALGOORLIE-BOULDER, CITY OF",EAST COOLGARDIE,Eastern Goldfields Superterrane
S0002833,J00431,Mungari / Bereth,Openpit,Operating,Coolgardie / Bereth,121.281998,-30.90346,Au Ag,Precious metal,GOLD,"COOLGARDIE, SHIRE OF",COOLGARDIE,Eastern Goldfields Superterrane
S0002855,J00292,Mulgarrie,Openpit,Operating,Paddington - Mt Pleasant,121.515147,-30.383512,Au Ag,Precious metal,GOLD,"KALGOORLIE-BOULDER, CITY OF",KANOWNA,Eastern Goldfields Superterrane
S0002882,J05525,Penny West,Openpit,Under Development,Penny Gold,118.810428,-28.853896000000002,Au Ag,Precious metal,GOLD,"SANDSTONE, SHIRE OF",BLACK RANGE,Youanmi Terrane
S0002912,J00576,Packsaddle Range P3,Openpit,Operating,Mining Area C,118.960528,-22.905626,Fe,Iron,IRON ORE,"EAST PILBARA, SHIRE OF",WEST PILBARA M.F.,Hamersley Basin
S0002952,J00481,Paraburdoo 94 East,Openpit,Operating,Channar,117.848297,-23.305981,Fe,Iron,IRON ORE,"ASHBURTON, SHIRE OF",WEST PILBARA M.F.,Hamersley Basin
S0002957,J03930,Paraburdoo 11 West,Openpit,Operating,Paraburdoo / Rio Tinto,117.561302,-23.22591,Fe,Iron,IRON ORE,"ASHBURTON, SHIRE OF",WEST PILBARA M.F.,Hamersley Basin
S0002960,J00557,Gudai-Darri K58,Openpit,Operating,Gudai-Darri,119.038123,-22.53376,Fe,Iron,IRON ORE,"EAST PILBARA, SHIRE OF",WEST PILBARA M.F.,Hamersley Basin
S0002964,J00609,Turner Syncline B1 Main,Openpit,Operating,Turner Syncline West,117.462898,-22.679331,Fe,Iron,IRON ORE,"ASHBURTON, SHIRE OF",WEST PILBARA M.F.,Hamersley Basin
S0002984,J00732,Billiard - Billiard South,Openpit,Under Development,Yandicoogina / HI-Yandi,119.299568,-22.809575,Fe,Iron,IRON ORE,"EAST PILBARA, SHIRE OF",WEST PILBARA M.F.,Hamersley Basin
S0002995,J00573,Wheelarra 2,Openpit,Operating,Jimblebar-Wheelarra-Hashimoto / BHPB,120.08653400000001,-23.371527,Fe,Iron,IRON ORE,"EAST PILBARA, SHIRE OF",PEAK HILL M.F.,Hamersley Basin
S0002996,J00573,South Jimblebar - Central 1a-b,Openpit,Operating,Jimblebar-Wheelarra-Hashimoto / BHPB,120.11829399999999,-23.39572,Fe,Iron,IRON ORE,"EAST PILBARA, SHIRE OF",PEAK HILL M.F.,Hamersley Basin
S0002997,J00573,Wheelarra 3 Scree,Openpit,Operating,Jimblebar-Wheelarra-Hashimoto / BHPB,120.116096,-23.380619,Fe,Iron,IRON ORE,"EAST PILBARA, SHIRE OF",PEAK HILL M.F.,Hamersley Basin
S0002998,J00573,Wheelarra 1,Openpit,Operating,Jimblebar-Wheelarra-Hashimoto / BHPB,120.083105,-23.378769000000002,Fe,Iron,IRON ORE,"EAST PILBARA, SHIRE OF",PEAK HILL M.F.,Hamersley Basin
S0003023,J00571,Marillana Creek Eastern Mesa 2,Openpit,Operating,Marillana Creek - Yandi / BHPB,119.113602,-22.74144,Fe,Iron,IRON ORE,"EAST PILBARA, SHIRE OF",WEST PILBARA M.F.,Hamersley Basin
S0003024,J00623,Mt Newman Orebody 24 Far West,Openpit,Operating,Newman / BHPB,119.758003,-23.29225,Fe,Iron,IRON ORE,"EAST PILBARA, SHIRE OF",WEST PILBARA M.F.,Hamersley Basin
S0003025,J00623,Mt Newman Orebody 24 West,Openpit,Operating,Newman / BHPB,119.77359799999999,-23.2953,Fe,Iron,IRON ORE,"EAST PILBARA, SHIRE OF",WEST PILBARA M.F.,Hamersley Basin
S0003026,J00623,Mt Newman Orebody 24 Intermediate,Openpit,Operating,Newman / BHPB,119.792397,-23.300051,Fe,Iron,IRON ORE,"EAST PILBARA, SHIRE OF",WEST PILBARA M.F.,Hamersley Basin
S0003027,J00623,Mt Newman Orebody 24 Far East,Openpit,Operating,Newman / BHPB,119.82579799999999,-23.305309,Fe,Iron,IRON ORE,"EAST PILBARA, SHIRE OF",WEST PILBARA M.F.,Hamersley Basin
S0003056,J00276,Hampton - Boulder Underground,Decline,Operating,South Kalgoorlie Operations,121.606576,-31.034576,Au Ag,Precious metal,GOLD,"KALGOORLIE-BOULDER, CITY OF",EAST COOLGARDIE,Eastern Goldfields Superterrane
S0003098,J02854,Dolly Pot,Openpit,Operating,Marda / Southern Cross,119.258698,-30.19759,Au Ag,Precious metal,GOLD,"YILGARN, SHIRE OF",YILGARN M.F.,Youanmi Terrane
S0003101,J00181,Kanowna Belle,Decline,Operating,Kanowna - Golden Valley,121.578007,-30.608995,Au Ag,Precious metal,GOLD,"KALGOORLIE-BOULDER, CITY OF",KANOWNA,Eastern Goldfields Superterrane
S0003110,J00417,Plutonic Area 4 Openpit,Openpit,Operating,Plutonic Gold,119.481796,-25.316059,Au Ag,Precious metal,GOLD,"MEEKATHARRA, SHIRE OF",PEAK HILL M.F.,Eastern Goldfields Superterrane
S0003173,J00056,Bullen,Decline,Operating,Central Norseman,121.798698,-32.197948,Au Ag,Precious metal,GOLD,"DUNDAS, SHIRE OF",DUNDAS M.F.,Eastern Goldfields Superterrane
S0003201,J01349,Hannans North Tourist Mine,Shaft,Operating,Hannans North Tourist Mine,121.470596,-30.727890000000002,Au Ag,Precious metal,GOLD,"KALGOORLIE-BOULDER, CITY OF",EAST COOLGARDIE,Eastern Goldfields Superterrane
S0003235,J03930,Paraburdoo 5 West,Openpit,Operating,Paraburdoo / Rio Tinto,117.57602800000001,-23.218031,Fe,Iron,IRON ORE,"ASHBURTON, SHIRE OF",WEST PILBARA M.F.,Hamersley Basin
S0003246,J00098,Genesis Underground,Decline,Operating,Agnew - Emu,120.497002,-27.978439,Au Ag,Precious metal,GOLD,"LEONORA, SHIRE OF",LAWLERS,Yilgarn Craton
S0003253,J00017,Triton North Underground,Unspecified,Operating,Cue Gold - Central Murchison,118.268303,-27.131821000000002,Au Ag,Precious metal,GOLD,"CUE, SHIRE OF",CUE,Youanmi Terrane
S0003254,J00017,South Emu - Triton Underground,Adit,Operating,Cue Gold - Central Murchison,118.266899,-27.137970000000003,Au Ag,Precious metal,GOLD,"CUE, SHIRE OF",CUE,Youanmi Terrane
S0003258,J00017,Triton Underground,Decline,Operating,Cue Gold - Central Murchison,118.2677,-27.133359999999996,Au Ag,Precious metal,GOLD,"CUE, SHIRE OF",CUE,Youanmi Terrane
S0003277,J02673,Mungada West - Blue Hills,Openpit,Operating,Koolanooka & Blue Hills - Mungada / Sinosteel,116.86255600000001,-29.141271999999997,Fe Mag,Iron,IRON ORE,"PERENJORI, SHIRE OF",YALGOO M.F.,Youanmi Terrane
S0003278,J02673,Mungada East - Blue Hills,Openpit,Operating,Koolanooka & Blue Hills - Mungada / Sinosteel,116.88331399999998,-29.142146999999998,Fe,Iron,IRON ORE,"PERENJORI, SHIRE OF",YALGOO M.F.,Youanmi Terrane
S0003291,J00484,Warramboo - Mesa A,Openpit,Operating,Robe River - Deepdale,115.830597,-21.66316,Fe,Iron,IRON ORE,"ASHBURTON, SHIRE OF",ASHBURTON M.F.,Lambert Shelf
S0003324,J00571,Marillana Creek Central Mesa 5,Openpit,Operating,Marillana Creek - Yandi / BHPB,119.100601,-22.724819,Fe,Iron,IRON ORE,"EAST PILBARA, SHIRE OF",WEST PILBARA M.F.,Hamersley Basin
S0003337,J00725,Cracker,Openpit,Operating,Woodie Woodie (Mining Corridor) / ConsMin,121.221107,-21.61024,Mn,Steel alloy metal,MANGANESE ORE,"EAST PILBARA, SHIRE OF",MARBLE BAR,Hamersley Basin
S0003362,J00330,Jasper Hill - Redcliffe,Openpit,Operating,Gwalia - Leonora,121.223602,-28.756999999999998,Au Ag,Precious metal,GOLD,"LEONORA, SHIRE OF",MT. MALCOLM,Eastern Goldfields Superterrane
S0003391,J00226,Norton - Nevoria,Openpit,Operating,Marvel Loch - Southern Cross,119.59279599999999,-31.50873,Au Ag,Precious metal,GOLD,"YILGARN, SHIRE OF",YILGARN M.F.,Youanmi Terrane
S0003392,J00102,Hidden Secret - Kalgoorlie,Decline,Operating,Golden Mile / KCGM,121.488098,-30.745911,Au,Precious metal,GOLD,"KALGOORLIE-BOULDER, CITY OF",EAST COOLGARDIE,Eastern Goldfields Superterrane
S0003533,J01726,Nimary Three,Decline,Operating,Jundee - Nimary,120.594002,-26.37397,Au Ag,Precious metal,GOLD,"WILUNA, SHIRE OF",WILUNA,Eastern Goldfields Superterrane
S0003696,J00152,Mousehollow,Openpit,Under Development,Higginsville,121.819011,-31.784390999999996,Au Ag,Precious metal,GOLD,"COOLGARDIE, SHIRE OF",COOLGARDIE,Eastern Goldfields Superterrane
S0003719,J00706,West Angelas Deposit B,Openpit,Operating,West Angelas,118.767575,-23.118524,Fe,Iron,IRON ORE,"EAST PILBARA, SHIRE OF",WEST PILBARA M.F.,Hamersley Basin
S0003722,J00706,West Angelas Deposit E,Openpit,Operating,West Angelas,118.789979,-23.198053,Fe,Iron,IRON ORE,"EAST PILBARA, SHIRE OF",WEST PILBARA M.F.,Hamersley Basin
S0003738,J00156,Hill 60 Underground,Decline,Operating,Mt Magnet,117.833877,-28.073273999999998,Au Ag,Precious metal,GOLD,"MOUNT MAGNET, SHIRE OF",MT. MAGNET,Youanmi Terrane
S0003744,J00008,Bulletin - Bamboo Creek,Openpit,Operating,Bamboo Creek Gold,120.240997,-20.949409,Au Ag,Precious metal,GOLD,"EAST PILBARA, SHIRE OF",MARBLE BAR,Northeast Pilbara Sub-basin
S0003756,J00102,Golden Pike,Openpit,Operating,Golden Mile / KCGM,121.50206599999999,-30.776552000000002,Au Ag,Precious metal,GOLD,"KALGOORLIE-BOULDER, CITY OF",EAST COOLGARDIE,Eastern Goldfields Superterrane
S0003779,J02624,Happy Jack - Tirau Underground,Decline,Operating,Matilda,120.239403,-26.619221000000003,Au Ag,Precious metal,GOLD,"WILUNA, SHIRE OF",WILUNA,Eastern Goldfields Superterrane
S0003806,J00056,Scotia South,Openpit,Operating,Central Norseman,121.791702,-32.476181,Au,Precious metal,GOLD,"DUNDAS, SHIRE OF",DUNDAS M.F.,"Northern Foreland, Albany-Fraser Orogen"
S0003807,J00056,Scotia North,Openpit,Operating,Central Norseman,121.792603,-32.470928,Au Ag,Precious metal,GOLD,"DUNDAS, SHIRE OF",DUNDAS M.F.,"Northern Foreland, Albany-Fraser Orogen"
S0003820,J00184,Tank,Openpit,Operating,Aldiss - Karonie,122.55944199999999,-31.071025,Au Ag,Precious metal,GOLD,"KALGOORLIE-BOULDER, CITY OF",KURNALPI,Eastern Goldfields Superterrane
S0003851,J00251,Rumbles Open Pit,Openpit,Operating,Randalls - Mt Monger,122.188267,-31.068289,Au Ag,Precious metal,GOLD,"KALGOORLIE-BOULDER, CITY OF",BULONG,Eastern Goldfields Superterrane
S0003919,J05237,Great Western / Red 5,Openpit,Operating,Great Western,121.18049199999999,-28.317054,Au Ag,Precious metal,GOLD,"LEONORA, SHIRE OF",MT. MALCOLM,Yilgarn Craton granites
S0003942,J00256,Westralia Deeps - Mt Morgans Underground,Decline,Operating,Mt Morgans,122.0679,-28.769622,Au Ag,Precious metal,GOLD,"LAVERTON, SHIRE OF",MT. MORGANS,Eastern Goldfields Superterrane
S0003946,J01307,Gordon-Sirdar Openpit,Openpit,Operating,Gordon - Sirdar,121.594498,-30.45035,Au Ag,Precious metal,GOLD,"KALGOORLIE-BOULDER, CITY OF",KANOWNA,Eastern Goldfields Superterrane
S0004141,J00147,Deflector Central,Openpit,Operating,Deflector,116.379426,-28.669106,Au Cu Ag,Precious metal,GOLD,"YALGOO, SHIRE OF",YALGOO M.F.,Youanmi Terrane
S0004149,J00417,Salmon - Salmon East and North,Openpit,Operating,Plutonic Gold,119.54540300000001,-25.299311,Au Ag,Precious metal,GOLD,"MEEKATHARRA, SHIRE OF",PEAK HILL M.F.,Eastern Goldfields Superterrane
S0004153,J00094,Million Dollar South,Openpit,Operating,Porphyry - Northern Operations,122.285777,-29.804468,Au Ag,Precious metal,GOLD,"MENZIES, SHIRE OF",YERILLA,Yilgarn Craton granites
S0004154,J01617,Curara Well - Kirkalocka,Openpit,Operating,Kirkalocka,117.76153799999999,-28.674934999999998,Au Ag,Precious metal,GOLD,"MOUNT MAGNET, SHIRE OF",YALGOO M.F.,Youanmi Terrane
S0004221,J00017,Paddys Flat Underground,Decline,Operating,Cue Gold - Central Murchison,118.50859799999999,-26.60535,Au Ag,Precious metal,GOLD,"MEEKATHARRA, SHIRE OF",MEEKATHARRA,Youanmi Terrane
S0004288,J02719,Beta Hunt Underground Nickel,Decline,Operating,Kambalda Nickel / RNC,121.68996100000001,-31.242554,Ni Cu,Steel alloy metal,NICKEL,"COOLGARDIE, SHIRE OF",COOLGARDIE,Eastern Goldfields Superterrane
S0004297,J00084,Riverina Openpit,Openpit,Operating,Davyhurst - Lady Ida - Mulline - Riverina - Siberia Gold,120.564972,-29.744602,Au Ag,Precious metal,GOLD,"MENZIES, SHIRE OF",ULARRING,Eastern Goldfields Superterrane
S0004301,J04253,Jaurdi,Openpit,Operating,Jaurdi - Cammi's Creek,120.925003,-30.688709000000003,Au Ag,Precious metal,GOLD,"COOLGARDIE, SHIRE OF",KUNANALLING,Eastern Goldfields Superterrane
S0004348,J00276,28 Pit - SBS28,Openpit,Operating,South Kalgoorlie Operations,121.246201,-30.963989,Au Ag,Precious metal,GOLD,"COOLGARDIE, SHIRE OF",COOLGARDIE,Eastern Goldfields Superterrane
S0004460,J02854,Goldstream,Openpit,Operating,Marda / Southern Cross,119.28058700000001,-30.202968,Au Ag,Precious metal,GOLD,"YILGARN, SHIRE OF",YILGARN M.F.,Youanmi Terrane
S0004462,J02854,Cobra - Marda,Unspecified,Operating,Marda / Southern Cross,119.247803,-30.19342,Au Ag,Precious metal,GOLD,"YILGARN, SHIRE OF",YILGARN M.F.,Youanmi Terrane
S0004468,J02854,King Brown - Marda,Openpit,Operating,Marda / Southern Cross,119.119377,-30.116279,Au Ag,Precious metal,GOLD,"YILGARN, SHIRE OF",YILGARN M.F.,Youanmi Terrane
S0004505,J01703,Golden Delicious,Openpit,Operating,Sunrise Dam,122.45934199999999,-29.013648,Au Ag,Precious metal,GOLD,"LAVERTON, SHIRE OF",MT. MARGARET,Eastern Goldfields Superterrane
S0004551,J00017,Great Fingall Openpit,Openpit,Operating,Cue Gold - Central Murchison,117.85805,-27.461047999999998,Au Ag,Precious metal,GOLD,"CUE, SHIRE OF",DAY DAWN,Youanmi Terrane
S0004578,J00725,Extension Cord,Openpit,Operating,Woodie Woodie (Mining Corridor) / ConsMin,121.24383600000002,-21.652707999999997,Mn,Steel alloy metal,MANGANESE ORE,"EAST PILBARA, SHIRE OF",MARBLE BAR,Hamersley Basin
S0004791,J00082,Darlot Underground,Decline,Operating,Darlot,121.268898,-27.887528999999997,Au Ag,Precious metal,GOLD,"LEONORA, SHIRE OF",MT. MALCOLM,Eastern Goldfields Superterrane
S0004877,J00251,Santa,Decline,Operating,Randalls - Mt Monger,122.209736,-31.040615000000003,Au Ag,Precious metal,GOLD,"KALGOORLIE-BOULDER, CITY OF",BULONG,Eastern Goldfields Superterrane
S0004886,J00019,Janet Ivy,Openpit,Operating,Binduli,121.383328,-30.774466999999998,Au Ag,Precious metal,GOLD,"KALGOORLIE-BOULDER, CITY OF",EAST COOLGARDIE,Eastern Goldfields Superterrane
S0004927,J00017,Maid Marion - Meekatharra North,Openpit,Operating,Cue Gold - Central Murchison,118.5933,-26.46312,Au Ag,Precious metal,GOLD,"MEEKATHARRA, SHIRE OF",MEEKATHARRA,Youanmi Terrane
S0004954,J00358,Moonbeam,Openpit,Operating,Kundana - White Flag,121.243797,-30.7213,Au Ag,Precious metal,GOLD,"COOLGARDIE, SHIRE OF",KUNANALLING,Eastern Goldfields Superterrane
S0004988,J04242,Vivien,Openpit,Operating,Vivien,120.568522,-27.976476,Au Ag,Precious metal,GOLD,"LEONORA, SHIRE OF",LAWLERS,Eastern Goldfields Superterrane
S0004991,J00184,Atriedes - Karonie,Openpit,Operating,Aldiss - Karonie,122.559575,-31.065608,Au Ag,Precious metal,GOLD,"KALGOORLIE-BOULDER, CITY OF",KURNALPI,Eastern Goldfields Superterrane
S0005001,J00571,Marillana Creek Central Mesa 1,Openpit,Operating,Marillana Creek - Yandi / BHPB,119.065498,-22.718639000000003,Fe,Iron,IRON ORE,"EAST PILBARA, SHIRE OF",WEST PILBARA M.F.,Hamersley Basin
S0005030,J00251,Maxwells,Decline,Operating,Randalls - Mt Monger,122.19893200000001,-31.08101,Au Ag,Precious metal,GOLD,"KALGOORLIE-BOULDER, CITY OF",BULONG,Eastern Goldfields Superterrane
S0005040,J00480,Murrin North (PAN Production),Openpit,Operating,Murrin Murrin / Minara,121.8955,-28.747169,Ni Co,Steel alloy metal,NICKEL,"LAVERTON, SHIRE OF",MT. MORGANS,Eastern Goldfields Superterrane
S0005063,J02419,Otto Bore,Openpit,Operating,Thunderbox Gold,121.015082,-28.111005,Au Ag,Precious metal,GOLD,"LEONORA, SHIRE OF",LAWLERS,Eastern Goldfields Superterrane
S0005074,J00251,Cockeyed Bob Deeps,Decline,Operating,Randalls - Mt Monger,122.176786,-31.088521000000004,Au Ag,Precious metal,GOLD,"KALGOORLIE-BOULDER, CITY OF",BULONG,Eastern Goldfields Superterrane
S0005156,J00186,King of the Hills Underground,Decline,Operating,Tarmoola - King of the Hills,121.163002,-28.671459000000002,Au Ag,Precious metal,GOLD,"LEONORA, SHIRE OF",MT. MALCOLM,Eastern Goldfields Superterrane
S0005315,J02013,Gilbeys - Dalgaranga,Openpit,Operating,Dalgaranga - Gilbeys,117.265226,-27.846241,Au Ag,Precious metal,GOLD,"MOUNT MAGNET, SHIRE OF",YALGOO M.F.,Yilgarn Craton granites
S0005322,J02016,Elverdton Dumps,Tailings storage facility,Operating,Elverdton Dumps,120.147935,-33.625027,Cu Au,Base metal,COPPER - LEAD - ZINC,"RAVENSTHORPE, SHIRE OF",PHILLIPS RIVER M.F.,Youanmi Terrane
S0005365,J01639,Bungarra,Openpit,Operating,North Laverton Gold,121.466839,-27.400147999999998,Au Ag,Precious metal,GOLD,"LEONORA, SHIRE OF",MT. MALCOLM,Eastern Goldfields Superterrane
S0005388,J04814,Cutters Ridge Main,Openpit,Operating,Mungari / Evolution,121.182302,-30.771702,Au Ag,Precious metal,GOLD,"COOLGARDIE, SHIRE OF",COOLGARDIE,Eastern Goldfields Superterrane
S0005546,J00417,Plutonic Zone 19 and Zone 550 - Baltic,Decline,Operating,Plutonic Gold,119.442596,-25.293249,Au Ag,Precious metal,GOLD,"MEEKATHARRA, SHIRE OF",PEAK HILL M.F.,Eastern Goldfields Superterrane
S0005627,J04253,Panther,Openpit,Operating,Jaurdi - Cammi's Creek,120.884697,-30.68709,Au Ag,Precious metal,GOLD,"COOLGARDIE, SHIRE OF",KUNANALLING,Eastern Goldfields Superterrane
S0005631,J02145,Hale-Bopp,Openpit,Operating,Ravensthorpe - First Quantum,120.400034,-33.666733,Ni Co FeOre Al Mg Ca Carb Cu Zn,Steel alloy metal,NICKEL,"RAVENSTHORPE, SHIRE OF",PHILLIPS RIVER M.F.,Youanmi Terrane
S0005786,J04814,White Foil,Openpit,Operating,Mungari / Evolution,121.250603,-30.773726,Au Ag,Precious metal,GOLD,"COOLGARDIE, SHIRE OF",COOLGARDIE,Eastern Goldfields Superterrane
S0005837,J02013,Golden Wings,Openpit,Operating,Dalgaranga - Gilbeys,117.295898,-27.821172999999998,Au Ag,Precious metal,GOLD,"MOUNT MAGNET, SHIRE OF",YALGOO M.F.,Yilgarn Craton granites
S0005841,J00082,Centenary - Oval,Decline,Operating,Darlot,121.28576899999999,-27.886146000000004,Au Ag,Precious metal,GOLD,"LEONORA, SHIRE OF",MT. MALCOLM,Eastern Goldfields Superterrane
S0005842,J00098,New Holland South Underground,Decline,Operating,Agnew - Emu,120.497378,-27.985018,Au Ag,Precious metal,GOLD,"LEONORA, SHIRE OF",LAWLERS,Yilgarn Craton
S0005907,J02197,Granny Venn,Openpit,Operating,East Menzies Gold,121.091797,-29.664061,Au Ag,Precious metal,GOLD,"MENZIES, SHIRE OF",MENZIES,Eastern Goldfields Superterrane
S0005909,J02624,Bulletin Underground,Decline,Operating,Matilda,120.246696,-26.61145,Au Ag,Precious metal,GOLD,"WILUNA, SHIRE OF",WILUNA,Eastern Goldfields Superterrane
S0006416,J00292,Federal,Openpit,Operating,Paddington - Mt Pleasant,121.4133,-30.412621,Au Ag,Precious metal,GOLD,"KALGOORLIE-BOULDER, CITY OF",BROAD ARROW M.F.,Yilgarn Craton granites
S0006418,J00017,Lady Rosie,Openpit,Operating,Cue Gold - Central Murchison,117.801355,-27.395183000000003,Au Ag,Precious metal,GOLD,"CUE, SHIRE OF",CUE,Youanmi Terrane
S0006420,J00685,Hope Downs 1 Flat Top,Openpit,Operating,Hope Downs Joint Venture,119.11796399999999,-22.959206,Fe,Iron,IRON ORE,"EAST PILBARA, SHIRE OF",WEST PILBARA M.F.,Hamersley Basin
S0006435,J00358,Arctic Zone,Openpit,Operating,Kundana - White Flag,121.220299,-30.693701,Au,Precious metal,GOLD,"COOLGARDIE, SHIRE OF",KUNANALLING,Eastern Goldfields Superterrane
S0006486,J00292,Porphyry - Ora Banda,Openpit,Operating,Paddington - Mt Pleasant,121.0233,-30.49255,Au Ag,Precious metal,GOLD,"COOLGARDIE, SHIRE OF",KUNANALLING,Eastern Goldfields Superterrane
S0006504,J00009,Rosemont,Openpit,Operating,Duketon / Regis Resources,122.27453,-27.838984999999997,Au Ag,Precious metal,GOLD,"LAVERTON, SHIRE OF",MT. MARGARET,Eastern Goldfields Superterrane
S0006553,J02267,Klondyke,Openpit,Operating,Warrawoona Gold / Calidus,119.892303,-21.33811,Au Ag,Precious metal,GOLD,"EAST PILBARA, SHIRE OF",MARBLE BAR,Warrawoona  Large Igneous Province
S0006568,J00292,Jakarta,Openpit,Operating,Paddington - Mt Pleasant,121.40191200000001,-30.42485,Au Ag,Precious metal,GOLD,"KALGOORLIE-BOULDER, CITY OF",BROAD ARROW M.F.,Yilgarn Craton granites
S0006569,J00009,Anchor - Zeta,Openpit,Under Development,Duketon / Regis Resources,122.34753,-27.672218,Au Ag,Precious metal,GOLD,"LAVERTON, SHIRE OF",MT. MARGARET,Burtville Terrane
S0006570,J00019,Fort William,Openpit,Operating,Binduli,121.384102,-30.788719,Au Ag,Precious metal,GOLD,"KALGOORLIE-BOULDER, CITY OF",EAST COOLGARDIE,Eastern Goldfields Superterrane
S0006621,J01703,Sunrise Dam Underground,Decline,Operating,Sunrise Dam,122.419353,-29.079404999999998,Au Ag As,Precious metal,GOLD,"LAVERTON, SHIRE OF",MT. MORGANS,Eastern Goldfields Superterrane
S0006640,J02285,Mt Marion North Pit 1 (N01),Openpit,Operating,Mt Marion Lithium,121.461471,-31.073596999999996,Li Ta Mica Spd Li2O,Speciality metal,TIN - TANTALUM - LITHIUM,"COOLGARDIE, SHIRE OF",COOLGARDIE,Eastern Goldfields Superterrane
S0006651,J00417,Plutonic Zone 124,Decline,Operating,Plutonic Gold,119.442299,-25.30196,Au Ag,Precious metal,GOLD,"MEEKATHARRA, SHIRE OF",PEAK HILL M.F.,Yilgarn Craton granites
S0006652,J00417,Plutonic Northwest,Decline,Operating,Plutonic Gold,119.438004,-25.314529,Au Ag,Precious metal,GOLD,"MEEKATHARRA, SHIRE OF",PEAK HILL M.F.,Eastern Goldfields Superterrane
S0006668,J01339,The Mount,Decline,Operating,The Mount,121.56947,-31.528304,Au Ag,Precious metal,GOLD,"COOLGARDIE, SHIRE OF",COOLGARDIE,Eastern Goldfields Superterrane
S0006685,J02145,Shoemaker - Levy,Openpit,Operating,Ravensthorpe - First Quantum,120.325452,-33.576415999999995,Ni Co FeOre Al Mg Ca Carb Cu Zn,Steel alloy metal,NICKEL,"RAVENSTHORPE, SHIRE OF",PHILLIPS RIVER M.F.,Youanmi Terrane
S0006687,J02854,Golden Orb,Openpit,Operating,Marda / Southern Cross,119.18229699999999,-30.285641,Au Ag,Precious metal,GOLD,"YILGARN, SHIRE OF",YILGARN M.F.,Youanmi Terrane
S0006727,J00178,Beta Hunt Surface Gold,Openpit,Operating,Kambalda - St Ives,121.696799,-31.246434000000004,Au Ag,Precious metal,GOLD,"COOLGARDIE, SHIRE OF",COOLGARDIE,Eastern Goldfields Superterrane
S0006746,J00109,Starlight Underground,Decline,Operating,Fortnum,118.358498,-25.321899,Au Ag,Precious metal,GOLD,"MEEKATHARRA, SHIRE OF",PEAK HILL M.F.,Bryah Basin
S0009463,J02851,Regal - Boorara,Openpit,Operating,Boorara / Horizon,121.638346,-30.799028999999997,Au Ag,Precious metal,GOLD,"KALGOORLIE-BOULDER, CITY OF",EAST COOLGARDIE,Eastern Goldfields Superterrane
S0016736,J00156,Milky Way,Openpit,Operating,Mt Magnet,117.78888700000002,-28.053321999999998,Au Ag,Precious metal,GOLD,"MOUNT MAGNET, SHIRE OF",MT. MAGNET,Youanmi Terrane
S0017008,J04090,Greenbushes TSF1,Tailings storage facility,Operating,Greenbushes Lithium,116.060204,-33.877041,Ta Li Sn,Speciality metal,TIN - TANTALUM - LITHIUM,"BRIDGETOWN-GREENBUSHES, SHIRE OF",GREENBUSHES M.F.,South West Terrane
S0017129,J01718,Pegasus - Kundana East,Decline,Operating,Kundana East,121.256852,-30.737971999999996,Au Ag,Precious metal,GOLD,"COOLGARDIE, SHIRE OF",COOLGARDIE,Eastern Goldfields Superterrane
S0018722,J00571,Marillana Creek Western Mesa 1,Openpit,Operating,Marillana Creek - Yandi / BHPB,119.000198,-22.715598999999997,Fe,Iron,IRON ORE,"EAST PILBARA, SHIRE OF",WEST PILBARA M.F.,Hamersley Basin
S0018747,J02419,Thunderbox Zone C,Openpit,Operating,Thunderbox Gold,121.007181,-28.190531,Au Ag,Precious metal,GOLD,"LEONORA, SHIRE OF",LAWLERS,Eastern Goldfields Superterrane
S0018779,J00276,Bakers Flat - Tarranto,Openpit,Operating,South Kalgoorlie Operations,121.26870500000001,-30.969423,Au Ag,Precious metal,GOLD,"COOLGARDIE, SHIRE OF",COOLGARDIE,Eastern Goldfields Superterrane
S0018836,J00017,Fender,Openpit,Operating,Cue Gold - Central Murchison,117.63539899999999,-27.3442,Au Ag,Precious metal,GOLD,"CUE, SHIRE OF",CUE,Youanmi Terrane
S0018874,J00527,Amity,Decline,Operating,Golden Grove,116.964949,-28.776882,Cu Au Zn Ag Pb,Base metal,COPPER - LEAD - ZINC,"YALGOO, SHIRE OF",YALGOO M.F.,Youanmi Terrane
S0018875,J00527,Catalpa,Decline,Operating,Golden Grove,116.959301,-28.767751,Cu Au Zn Pb Ag,Base metal,COPPER - LEAD - ZINC,"YALGOO, SHIRE OF",YALGOO M.F.,Youanmi Terrane
S0018909,J05596,Kailis,Openpit,Operating,Kailis,121.288398,-28.840312,Au Ag,Precious metal,GOLD,"LEONORA, SHIRE OF",MT. MALCOLM,Yilgarn Craton granites
S0019030,J02247,Cosmos Deeps,Decline,Under Development,Cosmos,120.575875,-27.596973,Ni Cu Co Pt Pd,Steel alloy metal,NICKEL,"LEONORA, SHIRE OF",LAWLERS,Yilgarn Craton
S0019054,J00559,Mt Jackson J1 West (Stages 1-5),Openpit,Operating,Koolyanobbing Iron,119.16326699999999,-30.222323,Fe,Iron,IRON ORE,"YILGARN, SHIRE OF",YILGARN M.F.,Youanmi Terrane
S0019060,J00559,Windarling W1 East,Openpit,Operating,Koolyanobbing Iron,119.26669,-30.011967,Fe,Iron,IRON ORE,"YILGARN, SHIRE OF",YILGARN M.F.,Youanmi Terrane
S0019062,J00559,Windarling W3,Openpit,Operating,Koolyanobbing Iron,119.289272,-30.012375,Fe,Iron,IRON ORE,"YILGARN, SHIRE OF",YILGARN M.F.,Youanmi Terrane
S0019084,J00098,Waroonga Underground,Decline,Operating,Agnew - Emu,120.505798,-28.004499,Au Ag,Precious metal,GOLD,"LEONORA, SHIRE OF",LAWLERS,Yilgarn Craton
S0019222,J03930,Paraburdoo 4 West,Openpit,Operating,Paraburdoo / Rio Tinto,117.579201,-23.228270000000002,Fe,Iron,IRON ORE,"ASHBURTON, SHIRE OF",WEST PILBARA M.F.,Hamersley Basin
S0019223,J03930,Paraburdoo 32 East,Openpit,Operating,Paraburdoo / Rio Tinto,117.682198,-23.253071,Fe,Iron,IRON ORE,"ASHBURTON, SHIRE OF",WEST PILBARA M.F.,Hamersley Basin
S0019224,J03930,Paraburdoo 39 East,Openpit,Operating,Paraburdoo / Rio Tinto,117.7052,-23.25864,Fe,Iron,IRON ORE,"ASHBURTON, SHIRE OF",WEST PILBARA M.F.,Hamersley Basin
S0019225,J03930,Paraburdoo 37 East,Openpit,Operating,Paraburdoo / Rio Tinto,117.694,-23.26259,Fe,Iron,IRON ORE,"ASHBURTON, SHIRE OF",WEST PILBARA M.F.,Hamersley Basin
S0019226,J03930,Paraburdoo 42 East,Openpit,Operating,Paraburdoo / Rio Tinto,117.7071,-23.26511,Fe,Iron,IRON ORE,"ASHBURTON, SHIRE OF",WEST PILBARA M.F.,Hamersley Basin
S0019228,J03928,Tom Price Section 6 Pit,Openpit,Operating,Tom Price / Rio Tinto,117.75560300000001,-22.773079,Fe,Iron,IRON ORE,"ASHBURTON, SHIRE OF",WEST PILBARA M.F.,Hamersley Basin
S0019230,J03928,Tom Price Section 7 East 2,Openpit,Operating,Tom Price / Rio Tinto,117.725098,-22.7684,Fe,Iron,IRON ORE,"ASHBURTON, SHIRE OF",WEST PILBARA M.F.,Hamersley Basin
S0019283,J03930,Paraburdoo 4 East (Main Pit),Openpit,Operating,Paraburdoo / Rio Tinto,117.60140200000001,-23.235149,Fe,Iron,IRON ORE,"ASHBURTON, SHIRE OF",WEST PILBARA M.F.,Hamersley Basin
S0019285,J03932,Nammuldi Lens B,Openpit,Operating,Brockman 2 - Nammuldi - Silvergrass - Homestead / Rio Tinto,117.330399,-22.425831,Fe,Iron,IRON ORE,"ASHBURTON, SHIRE OF",WEST PILBARA M.F.,Hamersley Basin
S0019288,J03932,Nammuldi Lens D,Openpit,Operating,Brockman 2 - Nammuldi - Silvergrass - Homestead / Rio Tinto,117.354897,-22.410431,Fe,Iron,IRON ORE,"ASHBURTON, SHIRE OF",WEST PILBARA M.F.,Hamersley Basin
S0019300,J02889,Delta - Roy Hill,Openpit,Operating,Roy Hill Iron Ore,119.972073,-22.470768,Fe,Iron,IRON ORE,"EAST PILBARA, SHIRE OF",NULLAGINE,Hamersley Basin
S0019420,J04020,Deep South - South Laverton Pit,Openpit,Operating,Deep South - Safari Bore,122.54842,-29.546148,Au Ag,Precious metal,GOLD,"MENZIES, SHIRE OF",MT. MORGANS,Eastern Goldfields Superterrane
S0019514,J01726,Barton Main - Westside,Decline,Operating,Jundee - Nimary,120.60410300000001,-26.372549,Au Ag,Precious metal,GOLD,"WILUNA, SHIRE OF",WILUNA,Eastern Goldfields Superterrane
S0019517,J00444,Bald Hill Central (South),Openpit,Operating,Bald Hill,122.17793200000001,-31.52314,Li Ta,Speciality metal,TIN - TANTALUM - LITHIUM,"COOLGARDIE, SHIRE OF",COOLGARDIE,Eastern Goldfields Superterrane
S0019534,J02624,Williamson Pit,Openpit,Operating,Matilda,120.31798700000002,-26.773502,Au Ag,Precious metal,GOLD,"WILUNA, SHIRE OF",WILUNA,Eastern Goldfields Superterrane
S0019550,J00156,Shannon,Openpit,Operating,Mt Magnet,117.78341,-28.060205,Au Ag,Precious metal,GOLD,"MOUNT MAGNET, SHIRE OF",MT. MAGNET,Youanmi Terrane
S0019619,J01508,Rowdies,Openpit,Operating,Halls Creek - Lamboo Gold,127.353958,-18.419041,Au Ag,Precious metal,GOLD,"HALLS CREEK, SHIRE OF",KIMBERLEY M.F.,Sally Downs Supersuite
S0019624,J00417,Plutonic East,Decline,Operating,Plutonic Gold,119.446404,-25.306708999999998,Au Ag,Precious metal,GOLD,"MEEKATHARRA, SHIRE OF",PEAK HILL M.F.,Eastern Goldfields Superterrane
S0019642,J00186,Tarmoola North,Openpit,Operating,Tarmoola - King of the Hills,121.16606599999999,-28.663856,Au Ag,Precious metal,GOLD,"LEONORA, SHIRE OF",MT. MALCOLM,Eastern Goldfields Superterrane
S0019675,J00357,Greenfinch - Westonia,Openpit,Operating,Edna May - Westonia,118.689849,-31.288290999999997,Au Ag,Precious metal,GOLD,"WESTONIA, SHIRE OF",YILGARN M.F.,Yilgarn Craton granites
S0019710,J01718,Raleigh Underground,Decline,Operating,Kundana East,121.243599,-30.72757,Au Ag,Precious metal,GOLD,"COOLGARDIE, SHIRE OF",KUNANALLING,Eastern Goldfields Superterrane
S0019751,J00725,Chris D,Openpit,Operating,Woodie Woodie (Mining Corridor) / ConsMin,121.247293,-21.603578,Mn,Steel alloy metal,MANGANESE ORE,"EAST PILBARA, SHIRE OF",MARBLE BAR,Carawine Sub-basin
S0019779,J01726,Invicta - Deakin,Decline,Operating,Jundee - Nimary,120.5886,-26.3615,Au Ag,Precious metal,GOLD,"WILUNA, SHIRE OF",WILUNA,Eastern Goldfields Superterrane
S0019821,J00656,Savannah Decline Portal,Decline,Operating,Savannah Nickel,128.027695,-17.3526,Ni Cu Co,Steel alloy metal,NICKEL,"HALLS CREEK, SHIRE OF",KIMBERLEY M.F.,"Lamboo Province, Central Zone"
S0019961,J00017,City of Chester Main,Openpit,Operating,Cue Gold - Central Murchison,117.7938,-27.335859000000003,Au Ag,Precious metal,GOLD,"CUE, SHIRE OF",CUE,Youanmi Terrane
S0020088,J00706,West Angelas Deposit A - West Pit North,Openpit,Operating,West Angelas,118.750099,-23.176769,Fe,Iron,IRON ORE,"EAST PILBARA, SHIRE OF",WEST PILBARA M.F.,Hamersley Basin
S0020116,J00292,Homestead - Mt Pleasant,Openpit,Operating,Paddington - Mt Pleasant,121.230797,-30.541240999999996,Au Ag,Precious metal,GOLD,"KALGOORLIE-BOULDER, CITY OF",BROAD ARROW M.F.,Eastern Goldfields Superterrane
S0020197,J02723,Tropicana,Openpit,Operating,Tropicana,124.55390200000001,-29.24608,Au Ag,Precious metal,GOLD,"MENZIES, SHIRE OF",MT. MORGANS,Tropicana Zone
S0020268,J00527,Hougoumont,Decline,Operating,Golden Grove,116.963017,-28.774319000000002,Zn Cu Pb Ag Au,Base metal,COPPER - LEAD - ZINC,"YALGOO, SHIRE OF",YALGOO M.F.,Youanmi Terrane
S0020269,J00527,Ethel,Decline,Operating,Golden Grove,116.96008300000001,-28.769453000000002,Zn Au Cu Pb Ag,Base metal,COPPER - LEAD - ZINC,"YALGOO, SHIRE OF",YALGOO M.F.,Youanmi Terrane
S0020270,J00527,Xantho,Decline,Operating,Golden Grove,116.95315,-28.775338,Zn Au,Base metal,COPPER - LEAD - ZINC,"YALGOO, SHIRE OF",YALGOO M.F.,Youanmi Terrane
S0020355,J00706,West Angelas Deposit A - Centre Pit North,Openpit,Operating,West Angelas,118.784599,-23.18494,Fe,Iron,IRON ORE,"EAST PILBARA, SHIRE OF",WEST PILBARA M.F.,Hamersley Basin
S0020371,J00732,Junction Central - Hairpin,Openpit,Operating,Yandicoogina / HI-Yandi,119.235001,-22.755171,Fe,Iron,IRON ORE,"EAST PILBARA, SHIRE OF",WEST PILBARA M.F.,Hamersley Basin
S0020372,J00732,Junction Central - Water Stand,Openpit,Operating,Yandicoogina / HI-Yandi,119.23920600000001,-22.781833,Fe,Iron,IRON ORE,"EAST PILBARA, SHIRE OF",WEST PILBARA M.F.,Hamersley Basin
S0020373,J00732,Junction Southeast (JSE),Openpit,Operating,Yandicoogina / HI-Yandi,119.26080300000001,-22.795231,Fe,Iron,IRON ORE,"EAST PILBARA, SHIRE OF",WEST PILBARA M.F.,Hamersley Basin
S0020380,J00134,Wallaby Underground,Decline,Operating,Granny Smith,122.305117,-28.852142999999998,Au Ag,Precious metal,GOLD,"LAVERTON, SHIRE OF",MT. MARGARET,Yilgarn Craton granites
S0020417,J00009,Anchor North,Openpit,Operating,Duketon / Regis Resources,122.34815900000001,-27.665145000000003,Au Ag,Precious metal,GOLD,"LAVERTON, SHIRE OF",MT. MARGARET,Burtville Terrane
S0020558,J03928,Tom Price North West,Openpit,Operating,Tom Price / Rio Tinto,117.740196,-22.743660000000002,Fe,Iron,IRON ORE,"ASHBURTON, SHIRE OF",WEST PILBARA M.F.,Hamersley Basin
S0020560,J03928,Tom Price Southern Ridge,Openpit,Operating,Tom Price / Rio Tinto,117.752701,-22.761169,Fe,Iron,IRON ORE,"ASHBURTON, SHIRE OF",WEST PILBARA M.F.,Hamersley Basin
S0020561,J03928,Tom Price Synclines,Openpit,Operating,Tom Price / Rio Tinto,117.762497,-22.76313,Fe,Iron,IRON ORE,"ASHBURTON, SHIRE OF",WEST PILBARA M.F.,Hamersley Basin
S0020563,J03928,Tom Price South East Prong,Openpit,Operating,Tom Price / Rio Tinto,117.784433,-22.775931,Fe,Iron,IRON ORE,"ASHBURTON, SHIRE OF",WEST PILBARA M.F.,Hamersley Basin
S0020577,J03929,Marandoo Centre Pit,Openpit,Operating,Marandoo / Rio Tinto,118.139999,-22.64666,Fe,Iron,IRON ORE,"ASHBURTON, SHIRE OF",WEST PILBARA M.F.,Hamersley Basin
S0020580,J03929,Marandoo South West Extension Pit,Openpit,Operating,Marandoo / Rio Tinto,118.118154,-22.640029000000002,Fe,Iron,IRON ORE,"ASHBURTON, SHIRE OF",WEST PILBARA M.F.,Hamersley Basin
S0020581,J03929,Marandoo Tail Pit,Openpit,Operating,Marandoo / Rio Tinto,118.152199,-22.651699,Fe,Iron,IRON ORE,"ASHBURTON, SHIRE OF",WEST PILBARA M.F.,Hamersley Basin
S0020592,J00576,MAC - Deposit C East Pit,Openpit,Operating,Mining Area C,118.98685400000001,-22.929374,Fe,Iron,IRON ORE,"EAST PILBARA, SHIRE OF",WEST PILBARA M.F.,Hamersley Basin
S0020736,J00559,Koolyanobbing F3,Openpit,Operating,Koolyanobbing Iron,119.613147,-30.876472999999997,Fe,Iron,IRON ORE,"YILGARN, SHIRE OF",YILGARN M.F.,Youanmi Terrane
S0020737,J00559,Koolyanobbing F2,Openpit,Operating,Koolyanobbing Iron,119.607697,-30.872431,Fe,Iron,IRON ORE,"YILGARN, SHIRE OF",YILGARN M.F.,Youanmi Terrane
S0020742,J02815,Karara - Blue Hills Magnetite,Openpit,Operating,Karara - Blue Hills / Gindalbie,116.774427,-29.187544,Fe Mag,Iron,IRON ORE,"PERENJORI, SHIRE OF",YALGOO M.F.,Youanmi Terrane
S0020968,J04801,Battler,Openpit,Operating,Battler / IMD,119.389597,-31.346359999999997,Au Ag,Precious metal,GOLD,"YILGARN, SHIRE OF",YILGARN M.F.,Youanmi Terrane
S0020981,J00728,Koolan Main,Openpit,Operating,Koolan Island,123.738098,-16.133029999999998,Fe,Iron,IRON ORE,"DERBY/WEST KIMBERLEY, SHIRE OF",WEST KIMBERLEY M.F.,Kimberley Basin
S0021008,J00152,Trident - Higginsville,Decline,Operating,Higginsville,121.7313,-31.72505,Au Ag,Precious metal,GOLD,"COOLGARDIE, SHIRE OF",COOLGARDIE,Eastern Goldfields Superterrane
S0021101,J00480,Murrin South (PAS Production),Openpit,Operating,Murrin Murrin / Minara,121.783997,-28.954829999999998,Ni Co,Steel alloy metal,NICKEL,"LEONORA, SHIRE OF",MT. MORGANS,Eastern Goldfields Superterrane
S0021183,J00481,Channar Southern Detritals,Openpit,Operating,Channar,117.846121,-23.318363,Fe,Iron,IRON ORE,"ASHBURTON, SHIRE OF",WEST PILBARA M.F.,Hamersley Basin
S0021265,J01407,Eyre,Openpit,Operating,East Pilbara Iron Ore / FMG,119.849593,-22.379427,Fe,Iron,IRON ORE,"EAST PILBARA, SHIRE OF",NULLAGINE,Hamersley Basin
S0021282,J00757,Flying Fox New Boxcut / Western Areas,Decline,Operating,Forrestania Nickel / Western Areas,119.695596,-32.421177,Ni,Steel alloy metal,NICKEL,"KONDININ, SHIRE OF",YILGARN M.F.,Youanmi Terrane
S0021378,J00573,Wheelarra 3 East,Openpit,Operating,Jimblebar-Wheelarra-Hashimoto / BHPB,120.115303,-23.373010999999998,Fe,Iron,IRON ORE,"EAST PILBARA, SHIRE OF",PEAK HILL M.F.,Hamersley Basin
S0021415,J00571,Marillana Creek Western Mesa 4,Openpit,Operating,Marillana Creek - Yandi / BHPB,119.023697,-22.732599,Fe,Iron,IRON ORE,"EAST PILBARA, SHIRE OF",WEST PILBARA M.F.,Hamersley Basin
S0021416,J00571,Marillana Creek Western Mesa 5,Openpit,Under Development,Marillana Creek - Yandi / BHPB,119.048599,-22.7293,Fe,Iron,IRON ORE,"EAST PILBARA, SHIRE OF",WEST PILBARA M.F.,Hamersley Basin
S0021419,J00571,Marillana Creek Eastern Mesa 1,Openpit,Operating,Marillana Creek - Yandi / BHPB,119.098701,-22.73716,Fe,Iron,IRON ORE,"EAST PILBARA, SHIRE OF",WEST PILBARA M.F.,Hamersley Basin
S0021420,J00571,Marillana Creek Eastern Mesa 3,Openpit,Operating,Marillana Creek - Yandi / BHPB,119.12640400000001,-22.75844,Fe,Iron,IRON ORE,"EAST PILBARA, SHIRE OF",WEST PILBARA M.F.,Hamersley Basin
S0021422,J00571,Marillana Creek Eastern Mesa 5,Openpit,Operating,Marillana Creek - Yandi / BHPB,119.134499,-22.764120000000002,Fe,Iron,IRON ORE,"EAST PILBARA, SHIRE OF",WEST PILBARA M.F.,Hamersley Basin
S0021423,J00571,Marillana Creek Eastern Mesa 6,Openpit,Operating,Marillana Creek - Yandi / BHPB,119.138397,-22.768881,Fe,Iron,IRON ORE,"EAST PILBARA, SHIRE OF",WEST PILBARA M.F.,Hamersley Basin
S0021516,J02285,Mt Marion North Pit 2,Openpit,Operating,Mt Marion Lithium,121.461148,-31.070905,Li Li2O Ta Mica,Speciality metal,TIN - TANTALUM - LITHIUM,"COOLGARDIE, SHIRE OF",COOLGARDIE,Eastern Goldfields Superterrane
S0021532,J02624,Golden Age Underground,Decline,Operating,Matilda,120.246696,-26.620331,Au Ag,Precious metal,GOLD,"WILUNA, SHIRE OF",WILUNA,Eastern Goldfields Superterrane
S0021542,J00102,Fimiston Superpit,Openpit,Operating,Golden Mile / KCGM,121.50352,-30.777971,Au Ag,Precious metal,GOLD,"KALGOORLIE-BOULDER, CITY OF",EAST COOLGARDIE,Eastern Goldfields Superterrane
S0021606,J03930,Paraburdoo 24 East,Openpit,Operating,Paraburdoo / Rio Tinto,117.652603,-23.256321,Fe,Iron,IRON ORE,"ASHBURTON, SHIRE OF",WEST PILBARA M.F.,Hamersley Basin
S0021718,J00226,Marvel Loch Underground,Decline,Operating,Marvel Loch - Southern Cross,119.492599,-31.464569,Au Ag,Precious metal,GOLD,"YILGARN, SHIRE OF",YILGARN M.F.,Youanmi Terrane
S0021723,J00056,Scotia Central,Openpit,Operating,Central Norseman,121.791496,-32.47422,Au,Precious metal,GOLD,"DUNDAS, SHIRE OF",DUNDAS M.F.,"Northern Foreland, Albany-Fraser Orogen"
S0021820,J03041,Joyners Find - JWD,Openpit,Operating,Wiluna West Iron,119.95463899999999,-26.791821000000002,Fe,Iron,IRON ORE,"WILUNA, SHIRE OF",WILUNA,Youanmi Terrane
S0021837,J02780,Rose Dam South,Openpit,Operating,Rose Dam,121.27655,-30.520962,Au Ag,Precious metal,GOLD,"KALGOORLIE-BOULDER, CITY OF",BROAD ARROW M.F.,Eastern Goldfields Superterrane
S0021890,J02789,Cassini,Decline,Operating,Widgiemooltha Nickel / Mincor,121.621101,-31.700939,Ni Cu Co,Steel alloy metal,NICKEL,"COOLGARDIE, SHIRE OF",COOLGARDIE,Eastern Goldfields Superterrane
S0022015,J03122,Phils Creek - Three Sisters CID,Openpit,Operating,Phils Creek / PMI,119.187809,-22.737048,Fe,Iron,IRON ORE,"EAST PILBARA, SHIRE OF",WEST PILBARA M.F.,Hamersley Basin
S0022042,J00757,T5 - Flying Fox Underground,Decline,Operating,Forrestania Nickel / Western Areas,119.689003,-32.417782,Ni Cu Co,Steel alloy metal,NICKEL,"KONDININ, SHIRE OF",YILGARN M.F.,Youanmi Terrane
S0022158,J03931,Brockman 4 - Pit 3 East,Openpit,Operating,Brockman 4 Area / Rio Tinto,117.229616,-22.596942000000002,Fe,Iron,IRON ORE,"ASHBURTON, SHIRE OF",WEST PILBARA M.F.,Hamersley Basin
S0022159,J03931,Brockman 4 - Pit 2 Interim,Openpit,Operating,Brockman 4 Area / Rio Tinto,117.178072,-22.609482999999997,Fe,Iron,IRON ORE,"ASHBURTON, SHIRE OF",WEST PILBARA M.F.,Hamersley Basin
S0022230,J03932,Brockman 2 - Pit 7 (Detritals),Openpit,Operating,Brockman 2 - Nammuldi - Silvergrass - Homestead / Rio Tinto,117.36930100000001,-22.441111,Fe,Iron,IRON ORE,"ASHBURTON, SHIRE OF",WEST PILBARA M.F.,Hamersley Basin
S0022265,J03673,Split Rock,Openpit,Operating,Sanjiv Ridge,119.66613500000001,-21.473689999999998,Fe,Iron,IRON ORE,"EAST PILBARA, SHIRE OF",MARBLE BAR,Gorge Creek Basin
S0022447,J00009,Dogbolter North and South,Openpit,Operating,Duketon / Regis Resources,122.34266699999999,-27.724041999999997,Au Ag,Precious metal,GOLD,"LAVERTON, SHIRE OF",MT. MARGARET,Burtville Terrane
S0022458,J01726,Vause Laterite,Openpit,Operating,Jundee - Nimary,120.816002,-26.61158,Au Ag,Precious metal,GOLD,"WILUNA, SHIRE OF",WILUNA,Eastern Goldfields Superterrane
S0022532,J00753,Cardo Bore East,Openpit,Under Development,West Pilbara - Red Hill / API,116.22877,-22.193978,Fe,Iron,IRON ORE,"ASHBURTON, SHIRE OF",ASHBURTON M.F.,Ashburton Basin
S0022539,J00152,Aquarius - Higginsville,Decline,Under Development,Higginsville,121.728206,-31.755167,Au,Precious metal,GOLD,"COOLGARDIE, SHIRE OF",COOLGARDIE,Eastern Goldfields Superterrane
S0022686,J03041,C4 - Wiluna West,Openpit,Operating,Wiluna West Iron,119.937302,-26.680360999999998,Fe,Iron,IRON ORE,"WILUNA, SHIRE OF",WILUNA,Youanmi Terrane
S0022743,J02723,Havana,Openpit,Operating,Tropicana,124.5401,-29.263359,Au Ag,Precious metal,GOLD,"MENZIES, SHIRE OF",MT. MORGANS,Tropicana Zone
S0022812,J03312,Paulsens East Main Pit,Openpit,Operating,Paulsens East Iron,116.33695900000001,-22.562845000000003,Fe,Iron,IRON ORE,"ASHBURTON, SHIRE OF",WEST PILBARA M.F.,Ashburton Basin
S0022821,J03313,North Marra Mamba East Pits 1-4,Openpit,Under Development,Wonmunna Iron,119.074177,-23.127015,Fe,Iron,IRON ORE,"EAST PILBARA, SHIRE OF",WEST PILBARA M.F.,South Pilbara Sub-basin
S0022842,J00753,Cardo Bore North West,Openpit,Under Development,West Pilbara - Red Hill / API,116.21350100000001,-22.148736,Fe,Iron,IRON ORE,"ASHBURTON, SHIRE OF",ASHBURTON M.F.,Turee Creek Basin
S0022843,J00753,Kens Bore,Openpit,Under Development,West Pilbara - Red Hill / API,116.19579399999999,-22.055688,Fe,Iron,IRON ORE,"ASHBURTON, SHIRE OF",ASHBURTON M.F.,Turee Creek Basin
S0022929,J01508,Wagtail North,Decline,Operating,Halls Creek - Lamboo Gold,127.353798,-18.421173,Au Ag,Precious metal,GOLD,"HALLS CREEK, SHIRE OF",KIMBERLEY M.F.,Sally Downs Supersuite
S0022974,J01726,Julius - Yandal,Openpit,Operating,Jundee - Nimary,120.948631,-26.763126,Au Ag,Precious metal,GOLD,"WILUNA, SHIRE OF",WILUNA,Eastern Goldfields Superterrane
S0023052,J01407,Kangaroo - Main Break - Cloudbreak,Openpit,Operating,East Pilbara Iron Ore / FMG,119.26039899999999,-22.285521,Fe,Iron,IRON ORE,"ASHBURTON, SHIRE OF",MARBLE BAR,Hamersley Basin
S0023105,J05539,Iron Ridge,Openpit,Operating,Iron Ridge,117.684502,-26.943939,Fe TiO2 Mn,Iron,IRON ORE,"CUE, SHIRE OF",CUE,Youanmi Terrane
S0023166,J00026,Wandoo North,Openpit,Operating,Boddington Gold,116.3419,-32.741345,Au Cu As Bi,Precious metal,GOLD,"BODDINGTON, SHIRE OF",SOUTH WEST M.F.,South West Terrane
S0023206,J04814,Frogs Leg Underground,Decline,Operating,Mungari / Evolution,121.270103,-30.76158,Au Ag,Precious metal,GOLD,"COOLGARDIE, SHIRE OF",COOLGARDIE,Eastern Goldfields Superterrane
S0023219,J00753,Cochrane,Openpit,Under Development,West Pilbara - Red Hill / API,116.13245900000001,-21.921578,Fe,Iron,IRON ORE,"ASHBURTON, SHIRE OF",ASHBURTON M.F.,Ashburton Basin
S0023220,J00753,Jewel CID,Openpit,Under Development,West Pilbara - Red Hill / API,116.138186,-21.935159,Fe,Iron,IRON ORE,"ASHBURTON, SHIRE OF",ASHBURTON M.F.,Ashburton Basin
S0023281,J03436,Eliwana West End,Openpit,Operating,Western Hub / FMG,116.830554,-22.493686999999998,Fe,Iron,IRON ORE,"ASHBURTON, SHIRE OF",WEST PILBARA M.F.,Hamersley Basin
S0023347,J02673,Mungada East Extension,Openpit,Operating,Koolanooka & Blue Hills - Mungada / Sinosteel,116.888651,-29.140225,Fe,Iron,IRON ORE,"PERENJORI, SHIRE OF",YALGOO M.F.,Youanmi Terrane
S0023498,J00757,Lounge Lizard Nickel Underground,Decline,Operating,Forrestania Nickel / Western Areas,119.69219,-32.425579,Ni,Steel alloy metal,NICKEL,"KONDININ, SHIRE OF",YILGARN M.F.,Youanmi Terrane
S0023551,J00753,Catho Well North Pits,Openpit,Under Development,West Pilbara - Red Hill / API,116.24486,-22.380591,Fe,Iron,IRON ORE,"ASHBURTON, SHIRE OF",ASHBURTON M.F.,Ashburton Basin
S0023552,J00753,Trinity Bore Iron,Openpit,Under Development,West Pilbara - Red Hill / API,116.33666200000002,-22.354352,Fe,Iron,IRON ORE,"ASHBURTON, SHIRE OF",WEST PILBARA M.F.,Ashburton Basin
S0023559,J01646,Kings-Solomon,Openpit,Operating,Solomon - Greater Solomon,117.869826,-22.159468,Fe,Iron,IRON ORE,"ASHBURTON, SHIRE OF",WEST PILBARA M.F.,Hamersley Basin
S0023569,J03500,Mt Caudan Central Open Pit,Openpit,Operating,Parker Range - Mt Caudan Iron,119.555621,-31.614569,Fe,Iron,IRON ORE,"YILGARN, SHIRE OF",YILGARN M.F.,Youanmi Terrane
S0023644,J01646,Firetail North,Openpit,Operating,Solomon - Greater Solomon,117.925752,-22.117679000000003,Fe,Iron,IRON ORE,"ASHBURTON, SHIRE OF",WEST PILBARA M.F.,Hamersley Basin
S0028079,J04512,Monster,Openpit,Operating,Pilgangoora / Pilbara Minerals,118.91520200000001,-21.020961,Li Ta Sn,Speciality metal,TIN - TANTALUM - LITHIUM,"EAST PILBARA, SHIRE OF",MARBLE BAR,Kelly Large Igneous Province
S0029437,J00009,Rosemont North,Openpit,Operating,Duketon / Regis Resources,122.268224,-27.831212,Au Ag,Precious metal,GOLD,"LAVERTON, SHIRE OF",MT. MARGARET,Eastern Goldfields Superterrane
S0032004,J00753,Kens Bore East,Openpit,Under Development,West Pilbara - Red Hill / API,116.22188200000001,-22.076233,Fe,Iron,IRON ORE,"ASHBURTON, SHIRE OF",ASHBURTON M.F.,Turee Creek Basin
S0032945,J00017,South Victory North 2,Openpit,Operating,Cue Gold - Central Murchison,117.801533,-27.403089,Au,Precious metal,GOLD,"CUE, SHIRE OF",CUE,Youanmi Terrane
S0222904,J03929,Marandoo MMP2 Pit,Openpit,Operating,Marandoo / Rio Tinto,118.167892,-22.649534,Fe,Iron,IRON ORE,"ASHBURTON, SHIRE OF",WEST PILBARA M.F.,Hamersley Basin
S0222918,J00685,Coondiner HD4 Central,Openpit,Operating,Hope Downs Joint Venture,119.53912,-23.133013000000002,Fe,Iron,IRON ORE,"EAST PILBARA, SHIRE OF",WEST PILBARA M.F.,Hamersley Basin
S0222919,J00685,Coondiner HD4 South,Openpit,Operating,Hope Downs Joint Venture,119.519623,-23.146805,Fe,Iron,IRON ORE,"EAST PILBARA, SHIRE OF",WEST PILBARA M.F.,Hamersley Basin
S0222920,J00685,Coondiner HD4 West,Openpit,Operating,Hope Downs Joint Venture,119.50403600000001,-23.136219,Fe,Iron,IRON ORE,"EAST PILBARA, SHIRE OF",WEST PILBARA M.F.,Hamersley Basin
S0223012,J00009,Petra,Openpit,Operating,Duketon / Regis Resources,122.257176,-27.686151000000002,Au Ag,Precious metal,GOLD,"LAVERTON, SHIRE OF",MT. MARGARET,Burtville Terrane
S0223250,J00019,Fort Scott,Openpit,Operating,Binduli,121.37841200000001,-30.781146999999997,Au Ag,Precious metal,GOLD,"KALGOORLIE-BOULDER, CITY OF",EAST COOLGARDIE,Eastern Goldfields Superterrane
S0223403,J03641,Fender - Mt Webber,Openpit,Operating,Mt Webber ,119.29855,-21.543976,Fe,Iron,IRON ORE,"EAST PILBARA, SHIRE OF",MARBLE BAR,Sulphur Springs Large Igneous Province
S0223445,J01718,Rubicon-Hornet Underground Portal,Decline,Operating,Kundana East,121.260602,-30.744034999999997,Au Ag,Precious metal,GOLD,"COOLGARDIE, SHIRE OF",COOLGARDIE,Eastern Goldfields Superterrane
S0223460,J01287,Bentley,Decline,Operating,Teutonic Bore - Jaguar,121.169987,-28.483949,Zn Cu Ag Au Pb,Base metal,COPPER - LEAD - ZINC,"LEONORA, SHIRE OF",MT. MALCOLM,Eastern Goldfields Superterrane
S0223550,J00156,Water Tank Hill Underground,Shaft,Operating,Mt Magnet,117.829995,-28.064740999999998,Au Ag,Precious metal,GOLD,"MOUNT MAGNET, SHIRE OF",MT. MAGNET,Youanmi Terrane
S0223594,J00178,Cave Rocks Underground,Decline,Operating,Kambalda - St Ives,121.55771499999999,-31.209795,Au Ag,Precious metal,GOLD,"COOLGARDIE, SHIRE OF",COOLGARDIE,Eastern Goldfields Superterrane
S0223601,J04392,Sandtrax - Prancer,Openpit,Under Development,Miralga Creek,119.188902,-21.111396,Fe,Iron,IRON ORE,"EAST PILBARA, SHIRE OF",MARBLE BAR,Gorge Creek Basin
S0223629,J03313,Central Marra Mamba,Openpit,Operating,Wonmunna Iron,119.00319499999999,-23.14472,Fe,Iron,IRON ORE,"EAST PILBARA, SHIRE OF",WEST PILBARA M.F.,South Pilbara Sub-basin
S0223630,J03313,South Marra Mamba East,Openpit,Under Development,Wonmunna Iron,118.991075,-23.164236,Fe,Iron,IRON ORE,"EAST PILBARA, SHIRE OF",WEST PILBARA M.F.,South Pilbara Sub-basin
S0223643,J03641,Daltons-Gibson,Openpit,Operating,Mt Webber ,119.30848799999998,-21.530189,Fe,Iron,IRON ORE,"EAST PILBARA, SHIRE OF",MARBLE BAR,Sulphur Springs Large Igneous Province
S0223837,J01646,Queens,Openpit,Operating,Solomon - Greater Solomon,117.769485,-22.128667,Fe,Iron,IRON ORE,"ASHBURTON, SHIRE OF",WEST PILBARA M.F.,Hamersley Basin
S0223838,J01646,Trinity - Solomon,Openpit,Operating,Solomon - Greater Solomon,117.846853,-22.122345000000003,Fe,Iron,IRON ORE,"ASHBURTON, SHIRE OF",WEST PILBARA M.F.,Hamersley Basin
S0223927,J00178,Hamlet Underground / St Ives,Decline,Operating,Kambalda - St Ives,121.81216200000001,-31.400095,Au Ag,Precious metal,GOLD,"COOLGARDIE, SHIRE OF",COOLGARDIE,Eastern Goldfields Superterrane
S0224018,J03263,Conductor 1,Decline,Operating,DeGrussa - Monty,119.325799,-25.540098,Cu Au Ag,Base metal,COPPER - LEAD - ZINC,"MEEKATHARRA, SHIRE OF",PEAK HILL M.F.,Bryah Basin
S0224078,J03769,Pertha May,Openpit,Operating,Pertha M,118.65181000000001,-31.275178999999998,Au Ag,Precious metal,GOLD,"WESTONIA, SHIRE OF",YILGARN M.F.,South West Terrane
S0224200,J01646,Firetail South,Openpit,Operating,Solomon - Greater Solomon,117.91799999999999,-22.141,Fe,Iron,IRON ORE,"ASHBURTON, SHIRE OF",WEST PILBARA M.F.,Hamersley Basin
S0224327,J00094,Maingays,Openpit,Operating,Porphyry - Northern Operations,122.28193300000001,-29.783519000000002,Au Ag,Precious metal,GOLD,"MENZIES, SHIRE OF",YERILLA,Yilgarn Craton granites
S0224334,J04019,Red October Underground,Decline,Operating,Red October,122.413546,-29.217297,Au Ag,Precious metal,GOLD,"LEONORA, SHIRE OF",MT. MORGANS,Eastern Goldfields Superterrane
S0224380,J03682,Iron Valley Stage 1,Openpit,Operating,Iron Valley,119.312614,-22.731714,Fe,Iron,IRON ORE,"EAST PILBARA, SHIRE OF",WEST PILBARA M.F.,Hamersley Basin
S0224389,J03263,Conductor 4,Decline,Under Development,DeGrussa - Monty,119.328832,-25.542653,Cu Au Ag,Base metal,COPPER - LEAD - ZINC,"MEEKATHARRA, SHIRE OF",PEAK HILL M.F.,Bryah Basin
S0224441,J03488,Bibra,Openpit,Operating,Karlawinda Gold,120.09588899999999,-23.765145,Au Ag,Precious metal,GOLD,"MEEKATHARRA, SHIRE OF",PEAK HILL M.F.,Collier Basin
S0224513,J00009,Garden Well,Openpit,Operating,Duketon / Regis Resources,122.356001,-27.906395,Au Ag,Precious metal,GOLD,"LAVERTON, SHIRE OF",MT. MARGARET,Burtville Terrane
S0224582,J00757,Spotted Quoll Main and North Underground,Decline,Operating,Forrestania Nickel / Western Areas,119.677774,-32.478151000000004,Ni Co,Steel alloy metal,NICKEL,"KONDININ, SHIRE OF",YILGARN M.F.,Youanmi Terrane
S0224627,J01407,Flinders - Christmas Creek,Openpit,Operating,East Pilbara Iron Ore / FMG,119.720226,-22.37121,Fe,Iron,IRON ORE,"EAST PILBARA, SHIRE OF",NULLAGINE,Hamersley Basin
S0224628,J01407,Mokare - Christmas Creek,Openpit,Operating,East Pilbara Iron Ore / FMG,119.76393999999999,-22.363306,Fe,Iron,IRON ORE,"EAST PILBARA, SHIRE OF",NULLAGINE,Hamersley Basin
S0224650,J00623,Mt Newman Orebody 18 East - Shovelanna Hill,Openpit,Operating,Newman / BHPB,120.057303,-23.320586,Fe,Iron,IRON ORE,"EAST PILBARA, SHIRE OF",PEAK HILL M.F.,Hamersley Basin
S0224652,J00623,Mt Newman Orebody 25 - Pit 4,Openpit,Operating,Newman / BHPB,119.78435800000001,-23.332051,Fe,Iron,IRON ORE,"EAST PILBARA, SHIRE OF",PEAK HILL M.F.,Hamersley Basin
S0224676,J00019,Navajo-Chief,Openpit,Operating,Binduli,121.39119,-30.823813,Au Ag,Precious metal,GOLD,"KALGOORLIE-BOULDER, CITY OF",EAST COOLGARDIE,Eastern Goldfields Superterrane
S0224705,J01287,Bentley Boxcut,Decline,Operating,Teutonic Bore - Jaguar,121.158546,-28.478071000000003,Zn Cu Ag Pb,Base metal,COPPER - LEAD - ZINC,"LEONORA, SHIRE OF",MT. MALCOLM,Eastern Goldfields Superterrane
S0224710,J00559,Deception / Cliffs,Openpit,Operating,Koolyanobbing Iron,119.28091599999999,-29.850399,Fe Hem,Iron,IRON ORE,"MENZIES, SHIRE OF",YILGARN M.F.,Youanmi Terrane
S0224716,J00181,Moonlight 58,Openpit,Operating,Kanowna - Golden Valley,121.60859099999999,-30.582426,Au,Precious metal,GOLD,"KALGOORLIE-BOULDER, CITY OF",KANOWNA,Eastern Goldfields Superterrane
S0224836,J03644,North Star magnetite (Stage 2),Openpit,Under Development,Iron Bridge,119.05358799999999,-21.250187,Fe Mag,Iron,IRON ORE,"EAST PILBARA, SHIRE OF",MARBLE BAR,Sulphur Springs Large Igneous Province
S0224896,J03263,Conductor 5,Decline,Under Development,DeGrussa - Monty,119.334778,-25.54084,Cu Au Ag,Base metal,COPPER - LEAD - ZINC,"MEEKATHARRA, SHIRE OF",PEAK HILL M.F.,Bryah Basin
S0224999,J00009,Tooheys Well,Openpit,Operating,Duketon / Regis Resources,122.368122,-27.939959,Au Ag,Precious metal,GOLD,"LAVERTON, SHIRE OF",MT. MARGARET,Burtville Terrane
S0225139,J00017,Fender 700,Openpit,Operating,Cue Gold - Central Murchison,117.639568,-27.34181,Au Ag,Precious metal,GOLD,"CUE, SHIRE OF",CUE,Youanmi Terrane
S0225180,J00009,Moolart Well - Central Laterite,Openpit,Operating,Duketon / Regis Resources,122.34629199999999,-27.602195000000002,Au Ag,Precious metal,GOLD,"LAVERTON, SHIRE OF",MT. MARGARET,Burtville Terrane
S0225287,J01726,Gateway Portal,Decline,Operating,Jundee - Nimary,120.589064,-26.381403999999996,Au Ag,Precious metal,GOLD,"WILUNA, SHIRE OF",WILUNA,Eastern Goldfields Superterrane
S0225288,J01726,Gateway Underground,Decline,Operating,Jundee - Nimary,120.59346699999999,-26.385807,Au Ag,Precious metal,GOLD,"WILUNA, SHIRE OF",WILUNA,Eastern Goldfields Superterrane
S0225404,J00733,Yanneri Ridge East,Openpit,Operating,Butcherbird - Yanneri Ridge,119.70545800000001,-24.408907,Mn MnOre,Steel alloy metal,MANGANESE ORE,"MEEKATHARRA, SHIRE OF",PEAK HILL M.F.,Collier Basin
S0225517,J00559,The Claw,Openpit,Operating,Koolyanobbing Iron,119.26768999999999,-29.857519,Fe,Iron,IRON ORE,"MENZIES, SHIRE OF",YILGARN M.F.,Youanmi Terrane
S0225706,J00573,Wheelarra 3 West,Openpit,Operating,Jimblebar-Wheelarra-Hashimoto / BHPB,120.106096,-23.373013,Fe,Iron,IRON ORE,"EAST PILBARA, SHIRE OF",PEAK HILL M.F.,Hamersley Basin
S0225749,J03263,DeGrussa Underground,Decline,Operating,DeGrussa - Monty,119.328128,-25.54063,Cu Au Ag Zn Pd,Base metal,COPPER - LEAD - ZINC,"MEEKATHARRA, SHIRE OF",PEAK HILL M.F.,Bryah Basin
S0225753,J01407,Cocos - Cloud Break,Openpit,Operating,East Pilbara Iron Ore / FMG,119.501622,-22.343763,Fe,Iron,IRON ORE,"EAST PILBARA, SHIRE OF",NULLAGINE,Hamersley Basin
S0225754,J01407,Long - Cloud Break,Openpit,Operating,East Pilbara Iron Ore / FMG,119.46295400000001,-22.343211,Fe,Iron,IRON ORE,"EAST PILBARA, SHIRE OF",NULLAGINE,Hamersley Basin
S0225755,J01407,Baudin,Openpit,Operating,East Pilbara Iron Ore / FMG,119.862692,-22.380857000000002,Fe,Iron,IRON ORE,"EAST PILBARA, SHIRE OF",NULLAGINE,Hamersley Basin
S0225908,J03263,Monty Underground,Decline,Operating,DeGrussa - Monty,119.42993600000001,-25.550321,Cu Au Ag,Base metal,COPPER - LEAD - ZINC,"MEEKATHARRA, SHIRE OF",PEAK HILL M.F.,Bryah Basin
S0226006,J00017,Jims Find,Openpit,Operating,Cue Gold - Central Murchison,117.804395,-27.330648999999998,Au Ag,Precious metal,GOLD,"CUE, SHIRE OF",CUE,Youanmi Terrane
S0226035,J05577,Lord Byron Northwest,Openpit,Operating,Jasper Hills ,123.041614,-29.128452000000003,Au Ag,Precious metal,GOLD,"MENZIES, SHIRE OF",MT. MORGANS,Burtville Terrane
S0226036,J04137,Cue Victory Battery Sands,Tailings storage facility,Operating,Cue Victory / Cue Consolidated,117.911778,-27.410785999999998,Au Ag,Precious metal,GOLD,"CUE, SHIRE OF",CUE,Youanmi Terrane
S0226063,J00017,Fatts,Decline,Under Development,Cue Gold - Central Murchison,118.506607,-26.610688,Au Ag,Precious metal,GOLD,"MEEKATHARRA, SHIRE OF",MEEKATHARRA,Youanmi Terrane
S0226096,J02723,Havana South,Openpit,Operating,Tropicana,124.53612,-29.271361,Au Ag,Precious metal,GOLD,"MENZIES, SHIRE OF",MT. MORGANS,Tropicana Zone
S0229604,J04253,Cammi's Creek,Openpit,Operating,Jaurdi - Cammi's Creek,120.93938700000001,-30.730698999999998,Au Ag,Precious metal,GOLD,"COOLGARDIE, SHIRE OF",KUNANALLING,Yilgarn Craton granites
S0229634,J04167,Nova - Bollinger Underground,Decline,Operating,Nova-Bollinger,123.19241299999999,-31.819886,Ni Cu Co,Steel alloy metal,NICKEL,"DUNDAS, SHIRE OF",KURNALPI,Fraser Zone
S0229741,J02247,Odysseus South,Decline,Under Development,Cosmos,120.575875,-27.596973,Ni Cu Co Pt Pd,Steel alloy metal,NICKEL,"LEONORA, SHIRE OF",LAWLERS,Yilgarn Craton
S0229742,J02247,Odysseus North,Decline,Under Development,Cosmos,120.575875,-27.596973,Ni Cu Co Pt Pd,Steel alloy metal,NICKEL,"LEONORA, SHIRE OF",LAWLERS,Yilgarn Craton
S0229754,J02628,Long Underground,Decline,Operating,Kambalda / Mincor,121.683531,-31.18112,Ni Cu,Steel alloy metal,NICKEL,"KALGOORLIE-BOULDER, CITY OF",EAST COOLGARDIE,Eastern Goldfields Superterrane
S0229858,J00338,Telfer West Dome Main,Openpit,Operating,Telfer / Newcrest,122.185071,-21.720133999999998,Au,Precious metal,GOLD,"EAST PILBARA, SHIRE OF",MARBLE BAR,Yeneena Basin
S0230026,J04664,Enterprise West - Paddington,Openpit,Operating,Ora Banda / Norton,121.07983600000001,-30.374883,Au Ag,Precious metal,GOLD,"KALGOORLIE-BOULDER, CITY OF",BROAD ARROW M.F.,Eastern Goldfields Superterrane
S0230111,J04167,Bollinger - Fraser Range Underground,Decline,Operating,Nova-Bollinger,123.19438600000001,-31.819888,Ni Cu Co,Steel alloy metal,NICKEL,"DUNDAS, SHIRE OF",KURNALPI,Fraser Zone
S0230299,J01407,Young,Openpit,Operating,East Pilbara Iron Ore / FMG,119.803081,-22.39782,Fe Mn,Iron,IRON ORE,"EAST PILBARA, SHIRE OF",NULLAGINE,Hamersley Basin
S0230357,J00440,Venus - Leinster,Decline,Operating,Leinster,120.705816,-27.813744,Ni,Steel alloy metal,NICKEL,"LEONORA, SHIRE OF",LAWLERS,Eastern Goldfields Superterrane
S0230393,J00685,Hope Downs 1 North West,Openpit,Operating,Hope Downs Joint Venture,119.09979299999999,-22.951863,Fe,Iron,IRON ORE,"EAST PILBARA, SHIRE OF",WEST PILBARA M.F.,Hamersley Basin
S0230394,J00685,Hope Downs 1 North East 3,Openpit,Operating,Hope Downs Joint Venture,119.137386,-22.953708,Fe,Iron,IRON ORE,"EAST PILBARA, SHIRE OF",WEST PILBARA M.F.,Hamersley Basin
S0230398,J00706,West Angelas Deposit A - Centre Pit South,Openpit,Operating,West Angelas,118.77569299999999,-23.190224,Fe,Iron,IRON ORE,"EAST PILBARA, SHIRE OF",WEST PILBARA M.F.,Hamersley Basin
S0230405,J03928,Tom Price Section 6 South,Openpit,Operating,Tom Price / Rio Tinto,117.744875,-22.780179999999998,Fe,Iron,IRON ORE,"ASHBURTON, SHIRE OF",WEST PILBARA M.F.,Hamersley Basin
S0230406,J03928,Tom Price Section 7 Central 2,Openpit,Operating,Tom Price / Rio Tinto,117.718501,-22.767716,Fe,Iron,IRON ORE,"ASHBURTON, SHIRE OF",WEST PILBARA M.F.,Hamersley Basin
S0230408,J03929,Marandoo Tail Extension Pit,Openpit,Operating,Marandoo / Rio Tinto,118.17291200000001,-22.661082,Fe,Iron,IRON ORE,"ASHBURTON, SHIRE OF",WEST PILBARA M.F.,Hamersley Basin
S0230415,J04392,Miralga East-Comet Pit,Openpit,Operating,Miralga Creek,119.424783,-20.972158,Fe,Iron,IRON ORE,"EAST PILBARA, SHIRE OF",MARBLE BAR,Gorge Creek Basin
S0230416,J03931,Brockman 4 - Pit 3 West,Openpit,Operating,Brockman 4 Area / Rio Tinto,117.20033899999999,-22.600088,Fe,Iron,IRON ORE,"ASHBURTON, SHIRE OF",WEST PILBARA M.F.,Hamersley Basin
S0230417,J03931,Brockman 4 - Pit 2 Final,Openpit,Operating,Brockman 4 Area / Rio Tinto,117.168049,-22.61351,Fe,Iron,IRON ORE,"ASHBURTON, SHIRE OF",WEST PILBARA M.F.,Hamersley Basin
S0230507,J00725,Vespa,Openpit,Operating,Woodie Woodie (Mining Corridor) / ConsMin,121.246725,-21.659567000000003,Mn,Steel alloy metal,MANGANESE ORE,"EAST PILBARA, SHIRE OF",MARBLE BAR,Carawine Sub-basin
S0230566,J00725,Topvar,Openpit,Operating,Woodie Woodie (Mining Corridor) / ConsMin,121.23236499999999,-21.601489,Mn,Steel alloy metal,MANGANESE ORE,"EAST PILBARA, SHIRE OF",MARBLE BAR,Wells Sub-basin
S0230572,J03682,Iron Valley Stage 2 / Pit N,Openpit,Operating,Iron Valley,119.31733999999999,-22.719704999999998,Fe,Iron,IRON ORE,"EAST PILBARA, SHIRE OF",WEST PILBARA M.F.,Hamersley Basin
S0230607,J00178,Neptune / St Ives,Openpit,Operating,Kambalda - St Ives,121.74552,-31.300016999999997,Au Ag,Precious metal,GOLD,"COOLGARDIE, SHIRE OF",COOLGARDIE,Eastern Goldfields Superterrane
S0230898,J04673,Gruyere,Openpit,Operating,Yamarna - Gruyere JV,123.84521299999999,-27.98443,Au Ag,Precious metal,GOLD,"LAVERTON, SHIRE OF",MT. MARGARET,Yamarna Terrane
S0230957,J02851,Crown Jewel - Boorara,Openpit,Operating,Boorara / Horizon,121.64191399999999,-30.803859999999997,Au Ag,Precious metal,GOLD,"KALGOORLIE-BOULDER, CITY OF",EAST COOLGARDIE,Eastern Goldfields Superterrane
S0231031,J03673,Runway North,Openpit,Operating,Sanjiv Ridge,119.679253,-21.420504,Fe,Iron,IRON ORE,"EAST PILBARA, SHIRE OF",MARBLE BAR,Gorge Creek Basin
S0231032,J03673,Shark Gully / Atlas,Openpit,Operating,Sanjiv Ridge,119.669611,-21.450806,Fe,Iron,IRON ORE,"EAST PILBARA, SHIRE OF",MARBLE BAR,Gorge Creek Basin
S0231120,J00480,Murrin East (PAE Production),Openpit,Operating,Murrin Murrin / Minara,122.176121,-29.073484000000004,Ni Co,Steel alloy metal,NICKEL,"LEONORA, SHIRE OF",MT. MORGANS,Eastern Goldfields Superterrane
S0231209,J00444,Bald Hill Central Pit,Openpit,Operating,Bald Hill,122.176351,-31.51935,Li Ta,Speciality metal,TIN - TANTALUM - LITHIUM,"COOLGARDIE, SHIRE OF",COOLGARDIE,Eastern Goldfields Superterrane
S0231429,J00178,Invincible - St Ives,Openpit,Operating,Kambalda - St Ives,121.670718,-31.279914,Au Ag,Precious metal,GOLD,"COOLGARDIE, SHIRE OF",COOLGARDIE,Eastern Goldfields Superterrane
S0231590,J04242,Vivien Underground,Decline,Operating,Vivien,120.568526,-27.976825,Au Ag,Precious metal,GOLD,"LEONORA, SHIRE OF",LAWLERS,Eastern Goldfields Superterrane
S0231635,J00609,Turner Syncline B1 Satellite,Openpit,Operating,Turner Syncline West,117.47246299999999,-22.67876,Fe,Iron,IRON ORE,"ASHBURTON, SHIRE OF",WEST PILBARA M.F.,Hamersley Basin
S0231666,J04137,Salisbury,Openpit,Operating,Cue Victory / Cue Consolidated,117.90297199999999,-27.396782,Au Ag,Precious metal,GOLD,"CUE, SHIRE OF",CUE,Youanmi Terrane
S0231765,J00656,Savannah North,Decline,Operating,Savannah Nickel,128.017007,-17.338410999999997,Ni Cu Co,Steel alloy metal,NICKEL,"HALLS CREEK, SHIRE OF",KIMBERLEY M.F.,"Lamboo Province, Central Zone"
S0231766,J02241,Karari Underground Main and Exploration Declines,Decline,Operating,Carosue Dam - Khartoum,122.35923400000001,-30.159173,Au Ag,Precious metal,GOLD,"KALGOORLIE-BOULDER, CITY OF",KURNALPI,Eastern Goldfields Superterrane
S0232023,J04167,Nova-Bollinger Boxcut,Decline,Operating,Nova-Bollinger,123.174503,-31.812592,Ni Cu Co,Steel alloy metal,NICKEL,"DUNDAS, SHIRE OF",KURNALPI,Fraser Zone
S0232049,J00256,Heffernans Syenite,Openpit,Operating,Mt Morgans,122.21812299999999,-28.816153999999997,Au Ag,Precious metal,GOLD,"LAVERTON, SHIRE OF",MT. MORGANS,Eastern Goldfields Superterrane
S0232079,J01508,Nicolsons Find Underground,Decline,Operating,Halls Creek - Lamboo Gold,127.356959,-18.409426,Au Ag,Precious metal,GOLD,"HALLS CREEK, SHIRE OF",KIMBERLEY M.F.,"Lamboo Province, Central Zone"
S0232120,J03313,North Marra Mamba West,Openpit,Operating,Wonmunna Iron,119.048777,-23.122646,Fe,Iron,IRON ORE,"EAST PILBARA, SHIRE OF",WEST PILBARA M.F.,South Pilbara Sub-basin
S0232136,J00358,Millennium,Decline,Operating,Kundana - White Flag,121.23781299999999,-30.707879,Au Ag,Precious metal,GOLD,"COOLGARDIE, SHIRE OF",KUNANALLING,Eastern Goldfields Superterrane
S0232283,J04154,Baloo,Openpit,Operating,Polar Bear Gold,121.866932,-31.801927000000003,Au Ag,Precious metal,GOLD,"COOLGARDIE, SHIRE OF",COOLGARDIE,Eastern Goldfields Superterrane
S0232453,J02241,Whirling Dervish Underground,Decline,Operating,Carosue Dam - Khartoum,122.35773200000001,-30.141996999999996,Au Ag,Precious metal,GOLD,"MENZIES, SHIRE OF",YERILLA,Eastern Goldfields Superterrane
S0232461,J04020,Deep South - South Laverton Underground,Decline,Operating,Deep South - Safari Bore,122.54856299999999,-29.545809999999996,Au Ag,Precious metal,GOLD,"MENZIES, SHIRE OF",MT. MORGANS,Eastern Goldfields Superterrane
S0232472,J00559,Koolyanobbing F1,Openpit,Operating,Koolyanobbing Iron,119.604352,-30.869791999999997,Fe,Iron,IRON ORE,"YILGARN, SHIRE OF",YILGARN M.F.,Youanmi Terrane
S0232679,J04602,Corinthia Decline / Corinthian,Decline,Operating,Corinthia / Corinthian Mining,119.219675,-31.121409999999997,Au Ag,Precious metal,GOLD,"YILGARN, SHIRE OF",YILGARN M.F.,Youanmi Terrane
S0232751,J02013,Gilbeys South,Openpit,Operating,Dalgaranga - Gilbeys,117.25726999999999,-27.852407,Au Ag,Precious metal,GOLD,"MOUNT MAGNET, SHIRE OF",YALGOO M.F.,Youanmi Terrane
S0232834,J00753,Red Hill Creek West,Openpit,Under Development,West Pilbara - Red Hill / API,116.29281599999999,-22.077104000000002,Fe,Iron,IRON ORE,"ASHBURTON, SHIRE OF",ASHBURTON M.F.,Hamersley Basin
S0232873,J00559,Windarling W7 New,Openpit,Operating,Koolyanobbing Iron,119.245668,-30.006664,Fe,Iron,IRON ORE,"YILGARN, SHIRE OF",YILGARN M.F.,Youanmi Terrane
S0233083,J02889,Bravo - Roy Hill,Openpit,Operating,Roy Hill Iron Ore,119.92582900000001,-22.470314000000002,Fe,Iron,IRON ORE,"EAST PILBARA, SHIRE OF",NULLAGINE,Hamersley Basin
S0233084,J02889,Zulu - Roy Hill,Openpit,Operating,Roy Hill Iron Ore,119.896004,-22.443007,Fe,Iron,IRON ORE,"EAST PILBARA, SHIRE OF",NULLAGINE,Hamersley Basin
S0233202,J00009,Coopers,Openpit,Operating,Duketon / Regis Resources,122.34046799999999,-27.712101,Au Ag,Precious metal,GOLD,"LAVERTON, SHIRE OF",MT. MARGARET,Burtville Terrane
S0233295,J00685,Baby Hope Central,Openpit,Operating,Hope Downs Joint Venture,119.05893400000001,-23.016613,Fe,Iron,IRON ORE,"EAST PILBARA, SHIRE OF",WEST PILBARA M.F.,Hamersley Basin
S0233296,J00685,Baby Hope East,Openpit,Operating,Hope Downs Joint Venture,119.08741699999999,-23.013262,Fe,Iron,IRON ORE,"EAST PILBARA, SHIRE OF",WEST PILBARA M.F.,Hamersley Basin
S0233297,J00685,Baby Hope West,Openpit,Operating,Hope Downs Joint Venture,119.039133,-23.017222,Fe,Iron,IRON ORE,"EAST PILBARA, SHIRE OF",WEST PILBARA M.F.,Hamersley Basin
S0233303,J04512,Central - Far East,Openpit,Operating,Pilgangoora / Pilbara Minerals,118.90523,-21.05635,Li Ta,Speciality metal,TIN - TANTALUM - LITHIUM,"EAST PILBARA, SHIRE OF",MARBLE BAR,Kelly Large Igneous Province
S0233583,J00292,Tuart Underground Mine,Decline,Operating,Paddington - Mt Pleasant,121.224418,-30.527590999999997,Au Ag,Precious metal,GOLD,"KALGOORLIE-BOULDER, CITY OF",BROAD ARROW M.F.,Eastern Goldfields Superterrane
S0233701,J00009,Gloster,Openpit,Operating,Duketon / Regis Resources,122.074906,-27.564545000000003,Au Ag,Precious metal,GOLD,"LAVERTON, SHIRE OF",MT. MARGARET,Eastern Goldfields Superterrane
S0233751,J00186,King of the Hills,Openpit,Operating,Tarmoola - King of the Hills,121.165902,-28.663594,Au Ag,Precious metal,GOLD,"LEONORA, SHIRE OF",MT. MALCOLM,Eastern Goldfields Superterrane
S0233804,J00417,Plutonic Underground,Decline,Operating,Plutonic Gold,119.446427,-25.318215,Au Ag,Precious metal,GOLD,"MEEKATHARRA, SHIRE OF",PEAK HILL M.F.,Eastern Goldfields Superterrane
S0233907,J00559,Windarling W10,Openpit,Operating,Koolyanobbing Iron,119.259221,-30.011667,Fe,Iron,IRON ORE,"YILGARN, SHIRE OF",YILGARN M.F.,Youanmi Terrane
S0233932,J01073,Tampia North,Openpit,Operating,Tampia,118.451651,-32.161676,Au Ag,Precious metal,GOLD,"NAREMBEEN, SHIRE OF",SOUTH WEST M.F.,Yilgarn Craton granites
S0233969,J02889,Echo - Roy Hill,Openpit,Operating,Roy Hill Iron Ore,119.959538,-22.494660999999997,Fe,Iron,IRON ORE,"EAST PILBARA, SHIRE OF",NULLAGINE,Hamersley Basin
S0233970,J02889,Golf - Roy Hill,Openpit,Operating,Roy Hill Iron Ore,119.984053,-22.517948999999998,Fe,Iron,IRON ORE,"EAST PILBARA, SHIRE OF",NULLAGINE,Hamersley Basin
S0234014,J00009,Erlistoun,Openpit,Operating,Duketon / Regis Resources,122.33803200000001,-27.972801,Au Ag,Precious metal,GOLD,"LAVERTON, SHIRE OF",MT. MARGARET,Burtville Terrane
S0234095,J04872,Earl Grey Lithium Mine Pit,Openpit,Operating,Mt Holland Lithium / Wesfarmers & SQM,119.747955,-32.092642,Li,Speciality metal,TIN - TANTALUM - LITHIUM,"YILGARN, SHIRE OF",YILGARN M.F.,Youanmi Terrane
S0234177,J00178,Delta Island South,Openpit,Operating,Kambalda - St Ives,121.72293300000001,-31.293577000000003,Au Ag,Precious metal,GOLD,"COOLGARDIE, SHIRE OF",COOLGARDIE,Eastern Goldfields Superterrane
S0234229,J01519,Geko,Openpit,Operating,Bullabulling North,120.90184599999999,-30.862375,Au Ag,Precious metal,GOLD,"COOLGARDIE, SHIRE OF",COOLGARDIE,Eastern Goldfields Superterrane
S0234331,J04930,Beta Hunt Underground Gold,Decline,Operating,Kambalda Gold / RNC,121.68994199999999,-31.242538,Au Ag Ni,Precious metal,GOLD,"COOLGARDIE, SHIRE OF",COOLGARDIE,Eastern Goldfields Superterrane
S0234347,J03820,Pilgangoora (C1 E1 N1 S1),Openpit,Operating,Altura Lithium Project / Pilgangoora ,118.90166,-21.072835,Li Ta,Speciality metal,TIN - TANTALUM - LITHIUM,"EAST PILBARA, SHIRE OF",MARBLE BAR,Soanesville Basin
S0234349,J00256,Ganymede,Openpit,Operating,Mt Morgans,122.215226,-28.819435,Au Ag,Precious metal,GOLD,"LAVERTON, SHIRE OF",MT. MORGANS,Eastern Goldfields Superterrane
S0234463,J00178,Invincible North,Openpit,Under Development,Kambalda - St Ives,121.662842,-31.272609999999997,Au Ag,Precious metal,GOLD,"COOLGARDIE, SHIRE OF",COOLGARDIE,Yilgarn Craton
S0234466,J00178,Invincible Underground,Decline,Operating,Kambalda - St Ives,121.673399,-31.283042,Au Ag,Precious metal,GOLD,"COOLGARDIE, SHIRE OF",COOLGARDIE,Eastern Goldfields Superterrane
S0234476,J00147,Deflector Underground,Decline,Operating,Deflector,116.37944099999999,-28.668992,Au Cu Ag,Precious metal,GOLD,"YALGOO, SHIRE OF",YALGOO M.F.,Youanmi Terrane
S0234492,J00017,Coventry,Openpit,Operating,Cue Gold - Central Murchison,117.801546,-27.33786,Au Ag,Precious metal,GOLD,"CUE, SHIRE OF",CUE,Youanmi Terrane
S0234537,J01407,Cloudbreak - Abrolhos,Openpit,Operating,East Pilbara Iron Ore / FMG,119.323753,-22.268512,Fe,Iron,IRON ORE,"ASHBURTON, SHIRE OF",MARBLE BAR,Hamersley Basin
S0234538,J00292,Porphyry West 1,Openpit,Operating,Paddington - Mt Pleasant,121.01779599999999,-30.491992,Au Ag,Precious metal,GOLD,"COOLGARDIE, SHIRE OF",KUNANALLING,Eastern Goldfields Superterrane
S0234755,J03436,Eliwana Westside,Openpit,Operating,Western Hub / FMG,116.868871,-22.492957999999998,Fe,Iron,IRON ORE,"ASHBURTON, SHIRE OF",WEST PILBARA M.F.,Hamersley Basin
S0234796,J04143,Grants Hill,Openpit,Operating,Beatons Creek JV,120.095102,-21.87955,Au Ag,Precious metal,GOLD,"EAST PILBARA, SHIRE OF",NULLAGINE,Northeast Pilbara Sub-basin
S0234904,J04253,Lost Dog,Openpit,Operating,Jaurdi - Cammi's Creek,120.949716,-30.730951,Au Ag,Precious metal,GOLD,"COOLGARDIE, SHIRE OF",KUNANALLING,Yilgarn Craton granites
S0234928,J03673,Runway South,Openpit,Operating,Sanjiv Ridge,119.67979299999999,-21.423504,Fe,Iron,IRON ORE,"EAST PILBARA, SHIRE OF",MARBLE BAR,Gorge Creek Basin
S0234948,J02013,Sly Fox,Openpit,Operating,Dalgaranga - Gilbeys,117.264955,-27.854190000000003,Au Ag,Precious metal,GOLD,"MOUNT MAGNET, SHIRE OF",YALGOO M.F.,Youanmi Terrane
S0235123,J00576,MAC - Deposit F West,Openpit,Operating,Mining Area C,118.84763899999999,-22.941503,Fe,Iron,IRON ORE,"EAST PILBARA, SHIRE OF",WEST PILBARA M.F.,Hamersley Basin
S0235124,J00576,MAC - Deposit E West Pit,Openpit,Operating,Mining Area C,118.87589399999999,-22.933634,Fe,Iron,IRON ORE,"EAST PILBARA, SHIRE OF",WEST PILBARA M.F.,Hamersley Basin
S0235993,J02889,Sierra - Roy Hill,Openpit,Operating,Roy Hill Iron Ore,120.01151999999999,-22.557215,Fe,Iron,IRON ORE,"EAST PILBARA, SHIRE OF",NULLAGINE,Hamersley Basin
S0236189,J02419,Thunderbox Underground,Decline,Operating,Thunderbox Gold,121.00728500000001,-28.196004,Au Ag,Precious metal,GOLD,"LEONORA, SHIRE OF",LAWLERS,Eastern Goldfields Superterrane
S0236214,J01646,Frederick West,Openpit,Under Development,Solomon - Greater Solomon,117.87746000000001,-22.227412,Fe,Iron,IRON ORE,"ASHBURTON, SHIRE OF",WEST PILBARA M.F.,Hamersley Basin
S0236215,J01646,Frederick East,Openpit,Under Development,Solomon - Greater Solomon,117.894904,-22.227627,Fe,Iron,IRON ORE,"ASHBURTON, SHIRE OF",WEST PILBARA M.F.,Hamersley Basin
S0236281,J02285,Mt Marion North Pit 6,Openpit,Operating,Mt Marion Lithium,121.460075,-31.077409000000003,Li Ta Mica Spd,Speciality metal,TIN - TANTALUM - LITHIUM,"COOLGARDIE, SHIRE OF",COOLGARDIE,Eastern Goldfields Superterrane
S0236326,J01508,Wagtail North Underground,Decline,Operating,Halls Creek - Lamboo Gold,127.353669,-18.421151000000002,Au Ag,Precious metal,GOLD,"HALLS CREEK, SHIRE OF",KIMBERLEY M.F.,Sally Downs Supersuite
S0236327,J01508,Wagtail South Underground,Decline,Operating,Halls Creek - Lamboo Gold,127.35356200000001,-18.424726999999997,Au Ag,Precious metal,GOLD,"HALLS CREEK, SHIRE OF",KIMBERLEY M.F.,"Lamboo Province, Central Zone"
S0236361,J01726,Ramone,Openpit,Operating,Jundee - Nimary,120.84698600000002,-26.559088,Au Ag,Precious metal,GOLD,"WILUNA, SHIRE OF",WILUNA,Yilgarn Craton granites
S0236468,J00184,Karonie Main Zone South,Openpit,Operating,Aldiss - Karonie,122.560074,-31.03926,Au Ag,Precious metal,GOLD,"KALGOORLIE-BOULDER, CITY OF",KURNALPI,Eastern Goldfields Superterrane
S0236571,J02013,Plymouth / Gascoyne,Openpit,Operating,Dalgaranga - Gilbeys,117.263648,-27.854278000000004,Au Ag,Precious metal,GOLD,"MOUNT MAGNET, SHIRE OF",YALGOO M.F.,Youanmi Terrane
S0236611,J00069,Main Lode / Barra,Decline,Operating,Burbanks / REG,121.139859,-31.024487,Au Ag,Precious metal,GOLD,"COOLGARDIE, SHIRE OF",COOLGARDIE,Eastern Goldfields Superterrane
S0236617,J05392,Havieron Underground,Decline,Under Development,Paterson / Greatland Gold,122.640666,-21.727817,Au Cu Ag,Precious metal,GOLD,"EAST PILBARA, SHIRE OF",MARBLE BAR,Anketell Shelf
S0236631,J01005,Dowling Stage 2 Northeast,Openpit,Operating,Mt Cattlin Spodumene,120.038952,-33.561622,Li Ta,Speciality metal,TIN - TANTALUM - LITHIUM,"RAVENSTHORPE, SHIRE OF",PHILLIPS RIVER M.F.,Youanmi Terrane
S0236634,J00725,Anomaly 11 - Woodie Woodie,Openpit,Operating,Woodie Woodie (Mining Corridor) / ConsMin,121.244736,-21.610536,Mn,Steel alloy metal,MANGANESE ORE,"EAST PILBARA, SHIRE OF",MARBLE BAR,Carawine Sub-basin
S0236893,J00009,Rosemont Underground,Decline,Operating,Duketon / Regis Resources,122.278097,-27.843181,Au Ag,Precious metal,GOLD,"LAVERTON, SHIRE OF",MT. MARGARET,Eastern Goldfields Superterrane
S0237036,J00156,Eridanus,Openpit,Operating,Mt Magnet,117.781675,-28.074885,Au Ag,Precious metal,GOLD,"MOUNT MAGNET, SHIRE OF",MT. MAGNET,Youanmi Terrane
S0237038,J00156,Shannon Underground,Decline,Operating,Mt Magnet,117.78326000000001,-28.060423999999998,Au Ag,Precious metal,GOLD,"MOUNT MAGNET, SHIRE OF",MT. MAGNET,Youanmi Terrane
S0237074,J02723,Boston Shaker Underground,Decline,Operating,Tropicana,124.563896,-29.242172999999998,Au Ag,Precious metal,GOLD,"MENZIES, SHIRE OF",MT. MORGANS,Tropicana Zone
S0237119,J00256,Doublejay,Openpit,Operating,Mt Morgans,122.219195,-28.810940999999996,Au Ag,Precious metal,GOLD,"LAVERTON, SHIRE OF",MT. MORGANS,Eastern Goldfields Superterrane
S0237254,J00725,Radio Hill Stage 1 (New)  - Woodie Woodie,Openpit,Operating,Woodie Woodie (Mining Corridor) / ConsMin,121.225705,-21.57516,Mn,Steel alloy metal,MANGANESE ORE,"EAST PILBARA, SHIRE OF",MARBLE BAR,Hamersley Basin
S0237291,J01837,Myhree / Black Cat,Openpit,Under Development,New Bulong - Boundary - Kal East Gold Project,121.77530800000001,-30.729096000000002,Au Ag,Precious metal,GOLD,"KALGOORLIE-BOULDER, CITY OF",BULONG,Eastern Goldfields Superterrane
S0237465,J05525,Penny North Underground,Decline,Under Development,Penny Gold,118.810248,-28.853327,Au Ag,Precious metal,GOLD,"SANDSTONE, SHIRE OF",BLACK RANGE,Youanmi Terrane
S0237487,J02419,Thunderbox Zone D,Openpit,Operating,Thunderbox Gold,121.00481299999998,-28.183943,Au Ag,Precious metal,GOLD,"LEONORA, SHIRE OF",LAWLERS,Eastern Goldfields Superterrane
S0237860,J01005,Dowling Northwest (Stages 2 and 3),Openpit,Under Development,Mt Cattlin Spodumene,120.03146799999999,-33.56199,Li Ta,Speciality metal,TIN - TANTALUM - LITHIUM,"RAVENSTHORPE, SHIRE OF",PHILLIPS RIVER M.F.,Youanmi Terrane
S0237869,J00017,Bluebird Underground (South Junction),Decline,Operating,Cue Gold - Central Murchison,118.423432,-26.722372999999997,Au Ag,Precious metal,GOLD,"MEEKATHARRA, SHIRE OF",MEEKATHARRA,Youanmi Terrane
S0237887,J02789,Cassini Underground,Decline,Under Development,Widgiemooltha Nickel / Mincor,121.62647,-31.709709999999998,Ni Au,Steel alloy metal,NICKEL,"COOLGARDIE, SHIRE OF",COOLGARDIE,Eastern Goldfields Superterrane
S0238118,J00417,Perch 1 / Billabong,Openpit,Operating,Plutonic Gold,119.491694,-25.32093,Au Ag,Precious metal,GOLD,"MEEKATHARRA, SHIRE OF",PEAK HILL M.F.,Eastern Goldfields Superterrane
S0238303,J03500,Mt Caudan South Open Pit,Openpit,Operating,Parker Range - Mt Caudan Iron,119.551693,-31.626094000000002,Fe,Iron,IRON ORE,"YILGARN, SHIRE OF",YILGARN M.F.,Youanmi Terrane
S0238304,J03500,Mt Caudan North Open Pit,Openpit,Operating,Parker Range - Mt Caudan Iron,119.55755800000001,-31.607855999999998,Fe,Iron,IRON ORE,"YILGARN, SHIRE OF",YILGARN M.F.,Youanmi Terrane
S0238307,J00152,Hidden Secret,Openpit,Operating,Higginsville,121.814893,-31.779801000000003,Au Ag,Precious metal,GOLD,"COOLGARDIE, SHIRE OF",COOLGARDIE,Eastern Goldfields Superterrane
S0238425,J00156,Orion,Unspecified,Operating,Mt Magnet,117.789952,-28.071728999999998,Au Ag,Precious metal,GOLD,"MOUNT MAGNET, SHIRE OF",MT. MAGNET,Youanmi Terrane
S0238514,J01407,Cathedral - Christmas Creek,Openpit,Operating,East Pilbara Iron Ore / FMG,119.83058899999999,-22.407888,Fe,Iron,IRON ORE,"EAST PILBARA, SHIRE OF",NULLAGINE,Hamersley Basin
S0238550,J01407,Adelle - Cloudbreak,Openpit,Operating,East Pilbara Iron Ore / FMG,119.44835,-22.319411,Fe,Iron,IRON ORE,"EAST PILBARA, SHIRE OF",NULLAGINE,Northeast Pilbara Sub-basin
S0238551,J01407,Cockatoo - Cloudbreak,Openpit,Operating,East Pilbara Iron Ore / FMG,119.327125,-22.307419,Fe,Iron,IRON ORE,"ASHBURTON, SHIRE OF",MARBLE BAR,Hamersley Basin
S0238552,J01407,Norfolk - Cloudbreak,Openpit,Operating,East Pilbara Iron Ore / FMG,119.294325,-22.313983,Fe,Iron,IRON ORE,"ASHBURTON, SHIRE OF",MARBLE BAR,Hamersley Basin
S0238603,J00226,Victoria,Openpit,Operating,Marvel Loch - Southern Cross,119.416703,-31.345261999999998,Au Ag,Precious metal,GOLD,"YILGARN, SHIRE OF",YILGARN M.F.,Youanmi Terrane
S0238745,J00056,Green Lantern,Unspecified,Operating,Central Norseman,121.79621999999999,-32.479727000000004,Au Ag,Precious metal,GOLD,"DUNDAS, SHIRE OF",DUNDAS M.F.,"Northern Foreland, Albany-Fraser Orogen"
S0238995,J00358,Moonbeam Underground,Decline,Under Development,Kundana - White Flag,121.24426899999999,-30.721498999999998,Au Ag,Precious metal,GOLD,"COOLGARDIE, SHIRE OF",KUNANALLING,Eastern Goldfields Superterrane
S0239162,J00009,Garden Well Underground,Decline,Under Development,Duketon / Regis Resources,122.356602,-27.905699,Au Ag,Precious metal,GOLD,"LAVERTON, SHIRE OF",MT. MARGARET,Burtville Terrane
S0239197,J01726,Ramone Underground,Decline,Operating,Jundee - Nimary,120.847225,-26.55961,Au Ag,Precious metal,GOLD,"WILUNA, SHIRE OF",WILUNA,Yilgarn Craton granites
S0239212,J00019,Karen Louise,Openpit,Operating,Binduli,121.374508,-30.773674,Au Ag,Precious metal,GOLD,"KALGOORLIE-BOULDER, CITY OF",EAST COOLGARDIE,Eastern Goldfields Superterrane
S0239230,J04392,Miralga West - Rudolph,Openpit,Operating,Miralga Creek,119.318785,-21.023512,Fe,Iron,IRON ORE,"EAST PILBARA, SHIRE OF",MARBLE BAR,Gorge Creek Basin
S0239437,J04392,Miralga East - Vixen,Openpit,Under Development,Miralga Creek,119.431357,-20.971593,Fe,Iron,IRON ORE,"EAST PILBARA, SHIRE OF",MARBLE BAR,Gorge Creek Basin
S0239438,J04392,Miralga East - Dasher,Openpit,Under Development,Miralga Creek,119.436985,-20.972796,Fe,Iron,IRON ORE,"EAST PILBARA, SHIRE OF",MARBLE BAR,Gorge Creek Basin
S0239470,J00017,Fender Underground,Decline,Operating,Cue Gold - Central Murchison,117.63453999999999,-27.344488000000002,Au Ag,Precious metal,GOLD,"CUE, SHIRE OF",CUE,Youanmi Terrane
S0239485,J00152,Swagman / Karora,Openpit,Operating,Higginsville,121.72306499999999,-31.741825,Au Ag,Precious metal,GOLD,"COOLGARDIE, SHIRE OF",COOLGARDIE,Eastern Goldfields Superterrane
S0239823,J01407,Bigge - Cloudbreak,Openpit,Operating,East Pilbara Iron Ore / FMG,119.205929,-22.286159,Fe,Iron,IRON ORE,"ASHBURTON, SHIRE OF",MARBLE BAR,Hamersley Basin
S0239824,J01407,Norfolk North - Cloudbreak,Openpit,Operating,East Pilbara Iron Ore / FMG,119.318192,-22.289123,Fe,Iron,IRON ORE,"ASHBURTON, SHIRE OF",MARBLE BAR,Hamersley Basin
S0240700,J06158,System Test Site,Openpit,Operating,System Test Project,127.43025300000001,-26.564876,Au,Precious metal,GOLD,"NGAANYATJARRAKU, SHIRE OF",WARBURTON M.F.,Sherriff Shelf
